legacy_test	surface	v2_status	step5	legacy_internals_used
tests/analysis_tools/racecheck/test_native_sub_word_accesses.py::test_synccheck_accepts_the_ordered_sub_word_kernel	internal	pass	retired-wave4	synccheck
tests/analysis_tools/racecheck/test_native_vector_destination_loads.py::test_synccheck_accepts_the_ordered_vector_destination_load_kernels	internal	pass	retired-wave4	synccheck
tests/analysis_tools/shared/test_known_cuda_func_artifact.py::test_known_combine_int_frac_ex2_is_bit_exact	public	pin-internals	retired-wave4	
tests/analysis_tools/shared/test_known_cuda_func_artifact.py::test_known_fma_scale_sub_f32x2_computes_both_packed_lanes	public	pass	flip	
tests/analysis_tools/shared/test_known_cuda_func_artifact.py::test_known_gdn_lg2_approx_ftz_flushes_subnormal_input	public	pass	flip	
tests/analysis_tools/shared/test_known_cuda_func_artifact.py::test_known_shl_u32_clamp_is_bit_exact	public	pin-internals	retired-wave4	
tests/analysis_tools/shared/test_known_cuda_func_artifact.py::test_modified_gdn_lg2_helper_remains_fail_closed	public	pass	flip	
tests/analysis_tools/shared/test_known_cuda_func_artifact.py::test_modified_known_helper_remains_fail_closed	public	pass	flip	
tests/analysis_tools/shared/test_known_cuda_func_artifact.py::test_modified_packed_fma_helper_remains_fail_closed	public	pass	flip	
tests/analysis_tools/shared/test_native_dynamic_launch.py::test_checker_artifact_identity_tracks_launch_scalars_only	public	pass	retired-wave4	checkers
tests/analysis_tools/shared/test_native_dynamic_launch.py::test_checker_binds_runtime_scalar_launch_extent	public	pass	retired-wave4	checkers
tests/analysis_tools/shared/test_native_predicated_reduction.py::test_checker_models_predicated_global_reduction	public	pass	retired-wave4	checkers
tests/analysis_tools/shared/test_native_shared_descriptor_table.py::test_checker_follows_matrix_descriptor_through_raw_shared_table	public	pass	retired-wave4	checkers
tests/analysis_tools/synccheck/runtime/test_device_additional_payload_ops.py::test_payload_runtime	public	other-assertion:delta+pin-internals	retired-wave4	
tests/analysis_tools/synccheck/runtime/test_device_payload_ops.py::test_payload_runtime	internal	lowering-rejects	retired-wave4	analyze,call_op_names
tests/analysis_tools/synccheck/runtime/test_device_protocol_ops.py::test_protocol_runtime	internal	other-assertion	retired-wave4	analyze
tests/analysis_tools/synccheck/test_native_gate_intrinsics.py::test_native_synccheck_accepts_scalar_gate_intrinsics	internal	pass	retired-wave4	synccheck
tests/analysis_tools/synccheck/test_reported_tool_regressions.py::test_reported_instruction_support	public	pass	flip	
tests/analysis_tools/synccheck/test_reported_tool_regressions.py::test_ws_instruction_predication_matches_branch_election	public	pass	flip	
tests/numsim/integration/test_api.py::test_compare_rejects_empty_expected_outputs	internal	pass	flip-after-import-fix	
tests/numsim/integration/test_api.py::test_compare_rejects_unknown_comparison_specs	internal	pass	flip-after-import-fix	
tests/numsim/integration/test_api.py::test_compare_rejects_zero_element_default_region	internal	pass	flip-after-import-fix	
tests/numsim/integration/test_api.py::test_compare_rejects_zero_element_explicit_region	internal	pass	flip-after-import-fix	
tests/numsim/integration/test_api.py::test_comparison_decodes_declared_bfloat16_backing	internal	pass	flip-after-import-fix	
tests/numsim/integration/test_api.py::test_comparison_decodes_declared_bfloat16_byte_carrier	internal	pass	flip-after-import-fix	
tests/numsim/integration/test_api.py::test_comparison_region_normalizes_integer_like_indices_and_rejects_fractional_indices	internal	pass	flip-after-import-fix	
tests/numsim/integration/test_api.py::test_comparison_regions_map_physical_storage_to_logical_reference	internal	pass	flip-after-import-fix	
tests/numsim/integration/test_api.py::test_comparison_rejects_odd_bfloat16_byte_carrier	internal	pass	flip-after-import-fix	
tests/numsim/integration/test_api.py::test_comparison_spec_rejects_permissive_field_values	internal	pass	flip-after-import-fix	
tests/numsim/integration/test_api.py::test_engine_native_loop_policy_is_explicit_and_validated	internal	other-assertion	retired-wave4	
tests/numsim/integration/test_api.py::test_engine_worker_configuration_is_explicit_and_validated	internal	pass	retired-wave4	
tests/numsim/integration/test_api.py::test_execution_subset_uses_subset_api_name	internal	pass	uses-legacy-internals	ExecutionSubset
tests/numsim/integration/test_api.py::test_integer_comparison_is_exact_by_default	internal	pass	flip-after-import-fix	
tests/numsim/integration/test_api.py::test_multi_kernel_subsets_are_phase_indexed_and_never_broadcast	internal	pass	retired-wave4	ExecutionSubset,numsim_api
tests/numsim/integration/test_api.py::test_phase_subset_indices_and_ids_fail_closed	internal	pass	retired-wave4	ExecutionSubset,numsim_api
tests/numsim/integration/test_api.py::test_result_assert_close_reports_first_mismatch	internal	pass	flip-after-import-fix	
tests/numsim/integration/test_api.py::test_run_case_freezes_bindings_before_mutating_reference	internal	other-assertion	retired-wave4	numsim_api,prepare_bindings
tests/numsim/integration/test_api.py::test_run_case_rejects_empty_reference_before_execution	internal	other-assertion	retired-wave4	numsim_api,prepare_bindings
tests/numsim/integration/test_api.py::test_run_case_requires_reference_keys_to_name_selected_outputs	internal	other-assertion	retired-wave4	numsim_api,prepare_bindings
tests/numsim/integration/test_artifact_build.py::test_bulk_shared_to_cluster_consumes_public_u64_mapa_addresses	internal	pass	flip-after-import-fix	
tests/numsim/integration/test_artifact_build.py::test_cluster_mbarrier_arrive_recovers_target_from_pointer_derived_view	internal	pass	flip-after-import-fix	
tests/numsim/integration/test_artifact_build.py::test_codegen_rejects_alpha_renamed_host_abi_with_the_same_structural_hash	internal	pass	retired-wave4	analyze,emit_rust_module
tests/numsim/integration/test_artifact_build.py::test_compose_swizzle_layout_resolves_to_physical_alias_bytes	internal	pass	flip-after-import-fix	
tests/numsim/integration/test_artifact_build.py::test_composite_masks_cannot_reactivate_lanes_outside_parent_scope	internal	pin-internals	retired-wave4	
tests/numsim/integration/test_artifact_build.py::test_cta_reductions_preserve_each_warp_partial_in_scratch	internal	pass	flip-after-import-fix	
tests/numsim/integration/test_artifact_build.py::test_cuda_float_reductions_match_nan_and_signed_zero_bits	internal	other-assertion	retired-wave4	
tests/numsim/integration/test_artifact_build.py::test_divergent_break_and_continue_use_loop_masks	internal	pin-internals	retired-wave4	
tests/numsim/integration/test_artifact_build.py::test_divergent_while_preserves_lane_mask_and_scheduler_observation	internal	pin-internals	retired-wave4	
tests/numsim/integration/test_artifact_build.py::test_dps_float_arithmetic_writes_through_lane_private_physical_pointers	internal	pass	flip-after-import-fix	
tests/numsim/integration/test_artifact_build.py::test_dps_integer_pointer_arithmetic_does_not_carry_access_ptr_extent	internal	pass	retired-wave4	
tests/numsim/integration/test_artifact_build.py::test_dps_preserves_pointer_access_contracts	internal	lowering-rejects	retired-wave4	
tests/numsim/integration/test_artifact_build.py::test_dps_writes_through_the_full_physical_pointer	internal	pass	flip-after-import-fix	
tests/numsim/integration/test_artifact_build.py::test_empty_mask_after_continue_skips_cta_sync	internal	pin-internals	retired-wave4	
tests/numsim/integration/test_artifact_build.py::test_empty_mask_after_continue_skips_dynamic_for_argument_evaluation	internal	pin-internals	retired-wave4	
tests/numsim/integration/test_artifact_build.py::test_empty_mask_after_continue_skips_mbarrier_wait	internal	pin-internals	retired-wave4	
tests/numsim/integration/test_artifact_build.py::test_empty_mask_after_continue_skips_named_barrier_argument_evaluation	internal	pin-internals	retired-wave4	
tests/numsim/integration/test_artifact_build.py::test_empty_scope_id_names_do_not_alias_distinct_varying_builtins	internal	pass	flip-after-import-fix	
tests/numsim/integration/test_artifact_build.py::test_extent_free_warp_id_uses_flat_native_coordinate	internal	pass	flip-after-import-fix	
tests/numsim/integration/test_artifact_build.py::test_if_then_else_does_not_evaluate_an_unselected_buffer_load	internal	pin-internals	retired-wave4	
tests/numsim/integration/test_artifact_build.py::test_integer_elect_sync_condition_becomes_lane_mask	internal	pin-internals	retired-wave4	
tests/numsim/integration/test_artifact_build.py::test_lane_add_uses_native_masked_warp_control	internal	pin-internals	retired-wave4	prepare_bindings
tests/numsim/integration/test_artifact_build.py::test_local_mbarrier_arrive_expect_tx_rejects_mapped_remote_address	internal	pin-message	retired-wave4	
tests/numsim/integration/test_artifact_build.py::test_local_mbarrier_arrive_rejects_mapped_remote_address	internal	pin-message	retired-wave4	
tests/numsim/integration/test_artifact_build.py::test_local_register_arrays_are_isolated_per_lane	internal	pin-internals	retired-wave4	
tests/numsim/integration/test_artifact_build.py::test_logical_and_or_only_evaluate_rhs_for_required_active_lanes	internal	pin-internals	retired-wave4	
tests/numsim/integration/test_artifact_build.py::test_mapa_remote_shared_reads_and_subgroup_reductions_run_inside_one_warp	internal	pass	flip-after-import-fix	
tests/numsim/integration/test_artifact_build.py::test_mapa_remote_shared_writes_use_the_target_ctas_owner	internal	pin-internals	retired-wave4	
tests/numsim/integration/test_artifact_build.py::test_mbarrier_phase_remains_lane_vector_inside_the_engine	internal	pass	flip-after-import-fix	
tests/numsim/integration/test_artifact_build.py::test_multidimensional_default_layout_lowers_to_physical_offsets	internal	pin-internals	retired-wave4	
tests/numsim/integration/test_artifact_build.py::test_native_varying_assert_reports_failed_lane_mask	internal	pin-message	retired-wave4	
tests/numsim/integration/test_artifact_build.py::test_padded_compose_layout_allocates_its_physical_span_for_aliases	internal	pass	flip-after-import-fix	
tests/numsim/integration/test_artifact_build.py::test_parallel_clusters_keep_remote_shared_ownership_isolated	internal	pin-internals	retired-wave4	
tests/numsim/integration/test_artifact_build.py::test_parameter_names_and_explicit_outputs_are_respected	internal	pass	flip-after-import-fix	
tests/numsim/integration/test_artifact_build.py::test_physical_mbarrier_deadlock_reports_missing_lane_arrivals	internal	pin-message	retired-wave4	
tests/numsim/integration/test_artifact_build.py::test_physical_mbarrier_reuses_phase_and_completes_numeric_transactions_directly	internal	pin-internals	retired-wave4	
tests/numsim/integration/test_artifact_build.py::test_physical_numpy_aliases_survive_the_artifact_boundary	internal	other-assertion	retired-wave4	
tests/numsim/integration/test_artifact_build.py::test_remote_mbarrier_arrive_targets_the_other_ctas_physical_slot	internal	pass	flip-after-import-fix	
tests/numsim/integration/test_artifact_build.py::test_remote_mbarrier_explicit_count_completes_the_target_phase	internal	pass	flip-after-import-fix	
tests/numsim/integration/test_artifact_build.py::test_run_case_uses_declared_output_bindings	internal	other-assertion	retired-wave4	
tests/numsim/integration/test_artifact_build.py::test_runtime_shape_scalars_are_bound_from_consistent_buffer_descriptors	internal	pin-internals	retired-wave4	
tests/numsim/integration/test_artifact_build.py::test_runtime_shape_scalars_reject_disagreeing_bindings	internal	pin-message	retired-wave4	
tests/numsim/integration/test_artifact_build.py::test_scalar_buffer_dtypes_use_physical_little_endian_storage	internal	pass	flip-after-import-fix	
tests/numsim/integration/test_artifact_build.py::test_scalar_expression_lowering_matches_floor_and_select_semantics	internal	pin-internals	retired-wave4	
tests/numsim/integration/test_artifact_build.py::test_scoped_and_named_barriers_rendezvous_across_warps_and_ctas	internal	pin-internals	retired-wave4	
tests/numsim/integration/test_artifact_build.py::test_select_does_not_evaluate_an_unselected_nested_buffer_load	internal	pin-internals	retired-wave4	
tests/numsim/integration/test_artifact_build.py::test_shared_allocations_alias_and_are_isolated_per_cta	internal	pin-internals	retired-wave4	
tests/numsim/integration/test_artifact_build.py::test_shared_uninitialized_read_is_zero_filled_and_requires_review	internal	pass	flip-after-import-fix	
tests/numsim/integration/test_artifact_build.py::test_single_flat_scope_id_ignores_bound_dynamic_launch_extent	internal	pass	flip-after-import-fix	
tests/numsim/integration/test_artifact_build.py::test_typed_raw_scalar_calls_execute_with_warp_semantics	internal	pass	flip-after-import-fix	
tests/numsim/integration/test_artifact_build.py::test_warp_local_raw_calls_execute_inside_one_warp_unit	internal	pin-internals	retired-wave4	
tests/numsim/integration/test_artifact_build.py::test_warpgroup_relative_scope_ids_map_native_warp_coordinates	internal	pin-internals	retired-wave4	
tests/numsim/integration/test_bindings.py::test_tensor_map_numpy_is_copyable_descriptor_state	internal	pass	retired-wave4	TensorMap,prepare_bindings
tests/numsim/integration/test_block_scaled_gemm_artifact.py::test_block_scaled_desc_i_rejects_static_abi_mismatch_at_runtime	internal	lowering-rejects	retired-wave4	
tests/numsim/integration/test_block_scaled_gemm_artifact.py::test_block_scaled_desc_i_rotates_scale_bytes_for_each_ki	internal	lowering-rejects	retired-wave4	
tests/numsim/integration/test_block_scaled_gemm_artifact.py::test_cta_group2_batched_gemm_accumulates_both_target_ctas	internal	lowering-rejects	retired-wave4	analyze,emit_rust_module
tests/numsim/integration/test_block_scaled_gemm_artifact.py::test_cta_group2_right_scales_use_the_combined_n_row	internal	lowering-rejects	retired-wave4	
tests/numsim/integration/test_block_scaled_gemm_artifact.py::test_cta_group2_uses_the_issuing_ctas_pair_2_and_3	internal	lowering-rejects	retired-wave4	
tests/numsim/integration/test_block_scaled_gemm_artifact.py::test_fp8_snapshot_gather_honors_a_dynamic_shared_stage	internal	lowering-rejects	retired-wave4	
tests/numsim/integration/test_block_scaled_gemm_artifact.py::test_nvfp4_block_scaled_gemm_decodes_nibbles_and_e4m3_scales	internal	lowering-rejects	retired-wave4	
tests/numsim/integration/test_deterministic_reexecution.py::test_repeated_full_launch_keeps_outputs_stats_and_poll_order_deterministic	public	pin-internals	retired-wave4	
tests/numsim/integration/test_direct_memory_artifact.py::test_access_ptr_contract_fails_closed	internal	lowering-rejects	retired-wave4	
tests/numsim/integration/test_direct_memory_artifact.py::test_cuda_ldg_reads_typed_global_memory	internal	pass	retired-wave4	analyze
tests/numsim/integration/test_direct_memory_artifact.py::test_decl_buffer_views_preserve_permitted_accesses	internal	pass	retired-wave4	
tests/numsim/integration/test_direct_memory_artifact.py::test_integer_pointer_arithmetic_does_not_carry_access_ptr_extent	internal	pass	flip-after-import-fix	
tests/numsim/integration/test_direct_memory_artifact.py::test_pass_emitted_cp_async_raw_restores_element_offsets	internal	pass	flip-after-import-fix	
tests/numsim/integration/test_direct_memory_artifact.py::test_raw_cp_async_issues_nonbulk_group_for_zero_fill_lanes	internal	pass	flip-after-import-fix	
tests/numsim/integration/test_direct_memory_artifact.py::test_tvm_access_ptr_applies_element_offset_to_shared_pointer	internal	pin-internals	retired-wave4	analyze
tests/numsim/integration/test_emission_errors.py::test_analysis_collects_independent_failures_after_a_failed_binding	internal	pass	retired-wave4	analyze,verify
tests/numsim/integration/test_emission_errors.py::test_error_recovery_respects_expression_let_scope	internal	pass	retired-wave4	analyze,verify
tests/numsim/integration/test_emission_errors.py::test_native_topology_returns_semantic_errors_as_data	internal	pass	retired-wave4	native_frontend
tests/numsim/integration/test_emission_errors.py::test_valid_signature_control_emits_and_executes	internal	pass	retired-wave4	analyze,verify
tests/numsim/integration/test_float8_artifact.py::test_float8_buffers_use_one_byte_physical_storage_and_native_codecs	public	pass	flip	
tests/numsim/integration/test_fp8_cta1_descriptor_layout.py::test_fp8_cta1_extended_shared_addresses	public	engine-stops	retired-wave4	
tests/numsim/integration/test_frontend.py::test_bound_launch_extent_is_resolved_in_statement_order	internal	pass	retired-wave4	analyze
tests/numsim/integration/test_frontend.py::test_conflicting_or_invalid_topology_constraints_fail_closed	internal	pass	retired-wave4	analyze
tests/numsim/integration/test_frontend.py::test_constant_if_then_else_launch_extent_only_evaluates_selected_branch	internal	pass	retired-wave4	analyze
tests/numsim/integration/test_frontend.py::test_cta_pair_rank_does_not_override_cluster_cta_extent	internal	pass	retired-wave4	analyze
tests/numsim/integration/test_frontend.py::test_no_op_topology_is_one_future_per_warp	internal	pass	retired-wave4	analyze,verify
tests/numsim/integration/test_frontend.py::test_non_serial_loop_semantics_are_not_silently_sequentialized	internal	pass	retired-wave4	analyze,verify
tests/numsim/integration/test_frontend.py::test_numerically_irrelevant_launch_metadata_is_explicitly_supported	internal	pass	retired-wave4	analyze,verify
tests/numsim/integration/test_frontend.py::test_serial_and_unrolled_loop_metadata_are_explicitly_supported	internal	pass	retired-wave4	analyze,verify
tests/numsim/integration/test_frontend.py::test_source_spans_exclude_process_local_source_name_addresses	internal	pass	retired-wave4	analyze
tests/numsim/integration/test_frontend.py::test_unknown_attr_semantics_fail_closed	internal	pass	retired-wave4	analyze,verify
tests/numsim/integration/test_frontend.py::test_unknown_loop_annotations_fail_closed	internal	pass	retired-wave4	analyze,verify
tests/numsim/integration/test_frontend.py::test_unknown_reachable_nodes_fail_closed	internal	pass	retired-wave4	analyze,verify
tests/numsim/integration/test_frontend.py::test_warpgroup_local_coordinate_does_not_imply_one_group_per_cta	internal	pass	retired-wave4	analyze
tests/numsim/integration/test_frontend.py::test_warpgroup_scope_topology_uses_four_warps_per_group	internal	pass	retired-wave4	analyze,verify
tests/numsim/integration/test_gemm_async_artifact.py::test_bf16_m64_tcgen_mma_uses_layout_f	public	engine-stops	retired-wave4	
tests/numsim/integration/test_gemm_async_artifact.py::test_cta_group2_banked_a_selects_matching_b_shard	public	engine-stops	retired-wave4	
tests/numsim/integration/test_gemm_async_artifact.py::test_dense_gemm_async_reads_tmem_a_and_transposed_b_storage	public	engine-stops	retired-wave4	
tests/numsim/integration/test_gemm_async_artifact.py::test_dense_gemm_async_starts_the_fma_chain_from_input_d	public	engine-stops	retired-wave4	
tests/numsim/integration/test_gemm_async_artifact.py::test_large_bf16_gemm_async_uses_one_engine_gemm	public	engine-stops	retired-wave4	
tests/numsim/integration/test_gemm_async_artifact.py::test_m64_tcgen_mma_infers_weight_stationary_from_packed_layout_e	public	engine-stops	retired-wave4	
tests/numsim/integration/test_gemm_async_artifact.py::test_m64_tcgen_mma_uses_layout_f_independently_of_declared_tmem_layout	public	engine-stops	retired-wave4	
tests/numsim/integration/test_global_alias_artifact.py::test_global_decl_buffer_alias_reuses_parameter_allocation_bytes	public	other-assertion:port	retired-wave4	
tests/numsim/integration/test_global_alias_artifact.py::test_global_dynamic_subview_can_reach_full_parameter_allocation	public	pass	flip	
tests/numsim/integration/test_host_prelude.py::test_direct_cuda_launch_coordinates_match_numsim_topology	public	pass	flip	
tests/numsim/integration/test_host_prelude.py::test_direct_cuda_launch_is_accepted_by_native_checkers	public	pass	flip	
tests/numsim/integration/test_host_prelude.py::test_dynamic_tensor_map_expressions_run_in_the_loaded_artifact_prologue	public	pin-internals	retired-wave4	
tests/numsim/integration/test_host_prelude.py::test_dynamic_tensor_map_prologue_is_shared_by_native_checkers	public	pass	flip	
tests/numsim/integration/test_host_prelude.py::test_explicit_tensor_map_override_updates_its_distinct_backing	public	pass	flip	
tests/numsim/integration/test_host_prelude.py::test_host_encoded_fp4_tensor_map_preserves_packed_bytes	public	pass	flip	
tests/numsim/integration/test_host_prelude.py::test_host_encoded_tensor_map_base_offset_selects_the_backing_suffix	public	pass	flip	
tests/numsim/integration/test_host_prelude.py::test_host_encoded_tensor_map_can_reinterpret_byte_storage	public	pass	flip	
tests/numsim/integration/test_host_prelude.py::test_host_encoded_tensor_map_is_accepted_by_native_checkers	public	pass	flip	
tests/numsim/integration/test_host_prelude.py::test_host_encoded_tensor_map_uses_its_typed_buffer_argument	public	pass	flip	
tests/numsim/integration/test_host_prelude.py::test_host_tensor_map_integer_expressions_fail_closed_on_unregistered_nodes	public	pass	retired-wave4	
tests/numsim/integration/test_integer_addresses.py::test_address_derived_integer_is_non_null	internal	pass	flip-after-import-fix	
tests/numsim/integration/test_integer_addresses.py::test_decl_buffer_accepts_inline_reinterpreted_local_pointer	internal	pass	flip-after-import-fix	
tests/numsim/integration/test_integer_addresses.py::test_dynamic_view_formation_does_not_consume_its_full_extent	internal	pass	flip-after-import-fix	
tests/numsim/integration/test_integer_addresses.py::test_integer_address_aliases_resolve_to_the_same_runtime_bytes	internal	pass	flip-after-import-fix	
tests/numsim/integration/test_integer_addresses.py::test_integer_address_space_checks_ignore_inactive_lane_values	internal	pass	flip-after-import-fix	
tests/numsim/integration/test_integer_addresses.py::test_integer_addresses_cross_distinct_views_of_one_physical_backing	internal	pass	flip-after-import-fix	
tests/numsim/integration/test_integer_addresses.py::test_integer_handle_reinterpret_round_trips_bits_without_resolution	internal	pass	flip-after-import-fix	
tests/numsim/integration/test_integer_addresses.py::test_leading_null_initializer_does_not_poison_integer_address_resolution	internal	pass	flip-after-import-fix	
tests/numsim/integration/test_integer_addresses.py::test_predicated_store_resolves_only_lanes_that_access_memory	internal	pass	flip-after-import-fix	
tests/numsim/integration/test_integer_addresses.py::test_raw_loaded_integer_offsets_an_address_with_ordinary_arithmetic	internal	pass	flip-after-import-fix	
tests/numsim/integration/test_integer_addresses.py::test_raw_shared_integer_address_round_trip_preserves_cross_lane_bits	internal	pass	flip-after-import-fix	
tests/numsim/integration/test_integer_addresses.py::test_runtime_sized_global_root_participates_in_integer_address_resolution	internal	pass	flip-after-import-fix	
tests/numsim/integration/test_integer_addresses.py::test_typed_pointer_load_rejects_active_lane_from_another_space	internal	pin-message	retired-wave4	
tests/numsim/integration/test_large_buffer_artifact.py::test_large_register_buffer_table_is_heap_backed_and_executes	public	pin-internals	retired-wave4	
tests/numsim/integration/test_memory_artifact.py::test_accessed_out_of_bounds_shared_view_is_rejected	internal	pin-message	retired-wave4	
tests/numsim/integration/test_memory_artifact.py::test_all_native_while_shapes_use_engine_loop_budget	internal	pin-message(error->incomplete)	retired-wave4	
tests/numsim/integration/test_memory_artifact.py::test_atomic_and_reduction_cache_hints_are_numerical_noops	internal	pass	flip-after-import-fix	
tests/numsim/integration/test_memory_artifact.py::test_bulk_g2s_multicast_copies_to_every_selected_cta	internal	pass	flip-after-import-fix	
tests/numsim/integration/test_memory_artifact.py::test_bulk_groups_publish_oldest_completed_prefix_in_fifo_order	internal	pass	flip-after-import-fix	
tests/numsim/integration/test_memory_artifact.py::test_bulk_read_only_group_publishes_during_kernel_exit_drain	internal	pass	flip-after-import-fix	
tests/numsim/integration/test_memory_artifact.py::test_bulk_read_wait_does_not_publish_destination_before_full_wait	internal	other-assertion	retired-wave4	
tests/numsim/integration/test_memory_artifact.py::test_bulk_s2g_cp_mask_updates_only_selected_bytes	internal	pass	flip-after-import-fix	
tests/numsim/integration/test_memory_artifact.py::test_cluster_barrier_accepts_default_release_and_unaligned_forms	internal	pass	flip-after-import-fix	
tests/numsim/integration/test_memory_artifact.py::test_cluster_barrier_unaligned_arrive_accumulates_divergent_lanes	internal	pass	flip-after-import-fix	
tests/numsim/integration/test_memory_artifact.py::test_cross_cluster_atomic_progresses_with_shared_or_parallel_workers	internal	pin-internals	retired-wave4	
tests/numsim/integration/test_memory_artifact.py::test_cuda_and_release_ptx_global_i32_atomic_add_resolve_integer_addresses	internal	pass	flip-after-import-fix	
tests/numsim/integration/test_memory_artifact.py::test_direct_global_acquire_poll_reschedules_same_cluster_peer	internal	pin-internals	retired-wave4	
tests/numsim/integration/test_memory_artifact.py::test_global_acquire_poll_reschedules_and_atomic_makes_progress	internal	pin-internals	retired-wave4	
tests/numsim/integration/test_memory_artifact.py::test_global_i32_atomic_cas_returns_old_and_only_writes_on_compare_success	internal	pass	flip-after-import-fix	
tests/numsim/integration/test_memory_artifact.py::test_global_poll_reschedules_with_lane_varying_active_mask	internal	pin-internals	retired-wave4	
tests/numsim/integration/test_memory_artifact.py::test_global_volatile_poll_performs_first_reload_without_short_loop_suspend	internal	pin-internals	retired-wave4	
tests/numsim/integration/test_memory_artifact.py::test_integer_address_arithmetic_uses_native_byte_offsets	internal	pass	flip-after-import-fix	
tests/numsim/integration/test_memory_artifact.py::test_integer_address_atomic_uses_instruction_width_on_byte_storage	internal	pass	flip-after-import-fix	
tests/numsim/integration/test_memory_artifact.py::test_integer_address_does_not_retain_its_source_pointee_width	internal	pass	flip-after-import-fix	
tests/numsim/integration/test_memory_artifact.py::test_integer_addresses_select_different_global_backings_per_lane	internal	pass	flip-after-import-fix	
tests/numsim/integration/test_memory_artifact.py::test_integer_addresses_select_lanes_from_the_same_backing	internal	pass	flip-after-import-fix	
tests/numsim/integration/test_memory_artifact.py::test_mega_atomic_and_reduction_signatures_execute_exactly	internal	pass	flip-after-import-fix	
tests/numsim/integration/test_memory_artifact.py::test_mega_cluster_arrive_wait_rendezvous_exposes_peer_global_writes	internal	pass	flip-after-import-fix	
tests/numsim/integration/test_memory_artifact.py::test_mega_cluster_wait_does_not_require_every_arriving_warp_to_wait	internal	pass	flip-after-import-fix	
tests/numsim/integration/test_memory_artifact.py::test_mega_lane_private_mbarrier_init_initializes_one_barrier_per_lane	internal	pass	flip-after-import-fix	
tests/numsim/integration/test_memory_artifact.py::test_mega_mbarrier_init_rejects_partial_lane_aliasing	internal	v2-accepts-legacy-rejection	blocked-v2	
tests/numsim/integration/test_memory_artifact.py::test_mega_one_dimensional_bulk_copy_roundtrips_bytes	internal	pass	flip-after-import-fix	
tests/numsim/integration/test_memory_artifact.py::test_mega_st_bulk_zeroes_the_exact_shared_byte_range	internal	pass	flip-after-import-fix	
tests/numsim/integration/test_memory_artifact.py::test_native_loop_with_extra_body_effect_uses_engine_budget	internal	pin-message(error->incomplete)	retired-wave4	
tests/numsim/integration/test_memory_artifact.py::test_non_tensor_bulk_copy_executes_independently_for_every_active_lane	internal	pass	flip-after-import-fix	
tests/numsim/integration/test_memory_artifact.py::test_one_dimensional_bulk_cache_hints_are_numerical_noops	internal	pass	flip-after-import-fix	
tests/numsim/integration/test_memory_artifact.py::test_partitioned_integer_address_flow_preserves_lane_values	internal	pass	retired-wave4	suspend_scaffold
tests/numsim/integration/test_memory_artifact.py::test_plain_global_buffer_poll_uses_general_time_slice	internal	pin-internals	retired-wave4	
tests/numsim/integration/test_memory_artifact.py::test_st_bulk_executes_independently_for_every_active_lane	internal	pass	flip-after-import-fix	
tests/numsim/integration/test_memory_artifact.py::test_unused_out_of_bounds_shared_view_has_no_memory_effect	internal	pass	flip-after-import-fix	
tests/numsim/integration/test_memory_plan.py::test_all_declared_tmem_views_share_one_physical_backing	public	pass	flip	
tests/numsim/integration/test_memory_plan.py::test_conflicting_pool_capacity_attrs_fail_closed	public	pass	flip	
tests/numsim/integration/test_memory_plan.py::test_dynamic_view_scope_annotation_does_not_reclassify_address_bits	public	pass	flip	
tests/numsim/integration/test_memory_plan.py::test_evaluated_buffer_data_projection_is_a_structural_noop	public	pass	flip	
tests/numsim/integration/test_memory_plan.py::test_malformed_pool_capacity_attr_fails_closed	public	pass	flip	
tests/numsim/integration/test_memory_plan.py::test_mapa_source_in_a_nominal_global_declbuffer_keeps_runtime_address_resolution	public	pass	flip	
tests/numsim/integration/test_mismatch_diagnostics.py::test_injected_mismatch_reports_buffer_index_and_values	internal	pass	flip-after-import-fix	
tests/numsim/integration/test_multi_kernel_artifact.py::test_cross_phase_sharing_requires_the_same_explicit_backing	internal	pass	flip-after-import-fix	
tests/numsim/integration/test_multi_kernel_artifact.py::test_multi_kernel_pointer_parameters_are_phase_qualified	internal	pin-internals	retired-wave4	
tests/numsim/integration/test_multi_kernel_artifact.py::test_multi_kernel_rejects_an_alias_with_multiple_canonical_targets	internal	pin-message	retired-wave4	
tests/numsim/integration/test_multi_kernel_artifact.py::test_multi_kernel_rejects_an_ambiguous_output_alias	internal	pass	retired-wave4	
tests/numsim/integration/test_multi_kernel_artifact.py::test_multi_kernel_rejects_duplicate_qualified_aliases	internal	v2-accepts-legacy-rejection	retired-wave4	
tests/numsim/integration/test_multi_kernel_artifact.py::test_multi_kernel_rejects_unqualified_scalar_collisions_and_unknown_inputs	internal	pin-message	retired-wave4	
tests/numsim/integration/test_multi_kernel_artifact.py::test_pointer_words_keep_allocation_binding_across_phases	internal	other-assertion	retired-wave4	
tests/numsim/integration/test_multi_kernel_artifact.py::test_same_local_names_use_distinct_phase_bindings	internal	pass	flip-after-import-fix	
tests/numsim/integration/test_multi_kernel_artifact.py::test_single_kernel_keeps_unqualified_binding_names	internal	pass	flip-after-import-fix	
tests/numsim/integration/test_native_statement_tree.py::test_frontend_rejects_unknown_native_nodes_in_a_known_parent	internal	pass	retired-wave4	analyze
tests/numsim/integration/test_opaque_helper_artifact.py::test_opaque_or_spoofed_cuda_helpers_are_rejected	internal	pass	retired-wave4	analyze,verify
tests/numsim/integration/test_opaque_helper_artifact.py::test_smem_descriptor_make_lo_uniform_broadcasts_only_lane_zero_low_bits	internal	pass	flip-after-import-fix	
tests/numsim/integration/test_opaque_helper_artifact.py::test_smem_descriptor_offset_wraps_only_the_low_32_bits	internal	pass	flip-after-import-fix	
tests/numsim/integration/test_packed_ptx_cvt_and_return.py::test_canonical_cvt_modifiers_match_ptx_semantics	public	pass	flip	
tests/numsim/integration/test_packed_ptx_cvt_and_return.py::test_low_precision_scalar_reinterpret_preserves_bits_and_decodes_values	public	pass	flip	
tests/numsim/integration/test_packed_ptx_cvt_and_return.py::test_packed_ptx_cvt_matches_instruction_lane_and_rounding_contract	public	pass	flip	
tests/numsim/integration/test_packed_ptx_cvt_and_return.py::test_warp_uniform_early_return_removes_only_returning_warp	public	pass	flip	
tests/numsim/integration/test_permute_layout_artifact.py::test_global_nondefault_layout_consumes_physical_host_order	public	pass	flip	
tests/numsim/integration/test_raw_memory_artifact.py::test_cvta_aligns_each_shared_backing_to_its_declared_alignment	internal	pass	flip-after-import-fix	
tests/numsim/integration/test_raw_memory_artifact.py::test_cvta_assigns_distinct_aligned_virtual_bases_to_shared_backings	internal	pass	flip-after-import-fix	
tests/numsim/integration/test_raw_memory_artifact.py::test_get_tmem_addr_accepts_unsigned_row_offsets	internal	pass	flip-after-import-fix	
tests/numsim/integration/test_raw_memory_artifact.py::test_get_tmem_addr_packs_wrapped_row_and_column_offsets_per_lane	internal	pin-internals	retired-wave4	
tests/numsim/integration/test_raw_memory_artifact.py::test_global_nc_v2_destination_load_moves_both_elements	internal	pass	flip-after-import-fix	
tests/numsim/integration/test_raw_memory_artifact.py::test_global_nc_v4_destination_load_populates_every_calling_lane	internal	pass	flip-after-import-fix	
tests/numsim/integration/test_raw_memory_artifact.py::test_ordered_b128_load_preserves_both_64_bit_halves	internal	pass	flip-after-import-fix	
tests/numsim/integration/test_raw_memory_artifact.py::test_ordered_b128_load_retains_16_byte_alignment_contract	internal	pin-message	retired-wave4	
tests/numsim/integration/test_raw_memory_artifact.py::test_ordered_v2_destination_loads_keep_their_memory_semantics	internal	pin-internals	retired-wave4	
tests/numsim/integration/test_raw_memory_artifact.py::test_ordinary_raw_shared_load_zero_fills_uninitialized_bytes_for_review	internal	pass	flip-after-import-fix	
tests/numsim/integration/test_raw_memory_artifact.py::test_pointer_derived_shared_views_raw_memory_and_cvta_preserve_aliasing	internal	pass	retired-wave4	analyze
tests/numsim/integration/test_raw_memory_artifact.py::test_ptx_eviction_and_prefetch_hints_preserve_loaded_values	internal	pass	flip-after-import-fix	
tests/numsim/integration/test_raw_memory_artifact.py::test_ptx_v4_destination_load_copies_all_elements_to_local_storage	internal	pass	flip-after-import-fix	
tests/numsim/integration/test_raw_memory_artifact.py::test_raw_bit_types_follow_ptx_relaxed_type_rules	internal	pass	flip-after-import-fix	
tests/numsim/integration/test_raw_memory_artifact.py::test_raw_global_load_store_modifiers_share_immediate_physical_memory	internal	pass	flip-after-import-fix	
tests/numsim/integration/test_raw_memory_artifact.py::test_raw_global_nc_load_preserves_global_payload	internal	pass	flip-after-import-fix	
tests/numsim/integration/test_raw_memory_artifact.py::test_raw_global_v4_u32_load_reads_four_contiguous_words_per_lane	internal	pass	flip-after-import-fix	
tests/numsim/integration/test_raw_memory_artifact.py::test_raw_ldmatrix_x4_b16_uses_ptx_address_and_fragment_lane_mapping	internal	pass	flip-after-import-fix	
tests/numsim/integration/test_raw_memory_artifact.py::test_raw_load_rejects_an_unmapped_integer_when_the_address_is_consumed	internal	other-assertion	retired-wave4	analyze,emit_rust_module
tests/numsim/integration/test_raw_memory_artifact.py::test_raw_memory_hint_forms_preserve_loaded_and_stored_values	internal	pass	flip-after-import-fix	
tests/numsim/integration/test_raw_memory_artifact.py::test_raw_shared_b128_store_copies_four_contiguous_words_per_lane	internal	pass	flip-after-import-fix	
tests/numsim/integration/test_raw_memory_artifact.py::test_raw_shared_load_behavior_does_not_depend_on_buffer_name	internal	pass	flip-after-import-fix	
tests/numsim/integration/test_raw_memory_artifact.py::test_raw_shared_v4_u32_store_writes_four_contiguous_words_per_lane	internal	pass	flip-after-import-fix	
tests/numsim/integration/test_raw_memory_artifact.py::test_raw_signed_and_unsigned_types_follow_ptx_relaxed_type_rules	internal	pass	flip-after-import-fix	
tests/numsim/integration/test_raw_memory_artifact.py::test_raw_store_predicate_selects_writing_lanes	internal	pass	flip-after-import-fix	
tests/numsim/integration/test_raw_memory_artifact.py::test_raw_subword_vector_stores_preserve_each_element	internal	pass	flip-after-import-fix	
tests/numsim/integration/test_raw_memory_artifact.py::test_raw_u32_load_retags_explicit_byte_storage_for_one_operation	internal	pass	flip-after-import-fix	
tests/numsim/integration/test_raw_memory_artifact.py::test_raw_u32_load_spans_two_u16_elements	internal	pass	flip-after-import-fix	
tests/numsim/integration/test_raw_memory_artifact.py::test_raw_u32_store_retags_explicit_byte_storage_for_one_operation	internal	pass	flip-after-import-fix	
tests/numsim/integration/test_raw_memory_artifact.py::test_raw_u32_store_spans_two_u16_elements	internal	pass	flip-after-import-fix	
tests/numsim/integration/test_raw_memory_artifact.py::test_shared_u32_address_b128_source_store_preserves_all_16_bytes	internal	pass	flip-after-import-fix	
tests/numsim/integration/test_raw_memory_artifact.py::test_sub_word_ptx_types_extend_into_their_register_width	internal	pass	flip-after-import-fix	
tests/numsim/integration/test_raw_memory_artifact.py::test_sub_word_ptx_types_keep_their_ordering_specializations	internal	pass	flip-after-import-fix	
tests/numsim/integration/test_raw_memory_artifact.py::test_v2_and_v8_destination_loads_move_every_element	internal	pass	flip-after-import-fix	
tests/numsim/integration/test_raw_memory_artifact.py::test_volatile_b128_load_preserves_uninitialized_review	internal	pin-internals	retired-wave4	
tests/numsim/integration/test_raw_versus_typed_cta2_mma.py::test_raw_cta2_mma_matches_the_typed_gemm_async_exactly	public	engine-stops	retired-wave4	
tests/numsim/integration/test_raw_versus_typed_cta2_mma.py::test_raw_cta2_ts_m128_selects_the_matching_a_lane_bank	public	engine-stops	retired-wave4	
tests/numsim/integration/test_register_layout_artifact.py::test_tcgen_atom_layout_uses_warp_and_lane_owners	public	pin-internals	retired-wave4	
tests/numsim/integration/test_register_layout_artifact.py::test_wg_local_layout_uses_tid_in_wg_as_owner_and_m_as_register_index	public	pin-internals	retired-wave4	
tests/numsim/integration/test_reported_layout_regressions.py::test_dynamic_shared_tile_view_uses_its_static_parent_bounds	public	pass	flip	
tests/numsim/integration/test_reported_layout_regressions.py::test_explicit_shared_strides_still_reject_an_executed_oob_address	public	pin-message	retired-wave4	
tests/numsim/integration/test_reported_layout_regressions.py::test_explicit_shared_strides_use_executed_affine_addresses	public	pass	flip	
tests/numsim/integration/test_reported_layout_regressions.py::test_lane_owner_layout_has_one_private_register_slot_per_lane	public	pass	flip	
tests/numsim/integration/test_reported_layout_regressions.py::test_one_register_m64_fragment_roundtrips_all_thread_values	public	pass	flip	
tests/numsim/integration/test_reported_layout_regressions.py::test_reported_layouts_reach_each_semantic_checker	public	pass	flip	
tests/numsim/integration/test_scalar_parameter_artifact.py::test_generated_artifact_rejects_missing_scalar_parameter	internal	pass	flip-after-import-fix	
tests/numsim/integration/test_scalar_parameter_artifact.py::test_generated_artifact_rejects_wrong_scalar_dtype	internal	v2-accepts-legacy-rejection	retired-wave4	
tests/numsim/integration/test_scalar_parameter_artifact.py::test_multi_kernel_scalar_names_are_phase_qualified	internal	other-assertion	retired-wave4	
tests/numsim/integration/test_scalar_parameter_artifact.py::test_plain_and_numpy_int32_scalar_parameters_affect_generated_code	internal	other-assertion	retired-wave4	
tests/numsim/integration/test_scalar_parameter_artifact.py::test_scalar_parameter_range_is_checked_before_execution	internal	pin-internals	retired-wave4	prepare_bindings
tests/numsim/integration/test_scalar_parameter_artifact.py::test_scalar_shape_consistency_is_checked_by_engine_api	internal	pin-internals	retired-wave4	
tests/numsim/integration/test_scheduler_polling_artifact.py::test_effectful_scheduler_loop_claims_ready_root_once	public	pin-internals	retired-wave4	
tests/numsim/integration/test_scheduler_polling_artifact.py::test_finite_for_time_slice_schedules_peer_without_pattern_matching	public	other-assertion:port	retired-wave4	
tests/numsim/integration/test_scheduler_polling_artifact.py::test_finite_for_uses_native_loop_iteration_budget	public	pin-message(error->incomplete)	retired-wave4	
tests/numsim/integration/test_scheduler_polling_artifact.py::test_finite_loop_can_exceed_default_budget_when_configured	public	pin-message(error->incomplete)	retired-wave4	
tests/numsim/integration/test_scheduler_polling_artifact.py::test_full_continue_still_reaches_time_slice	public	pin-internals	retired-wave4	
tests/numsim/integration/test_scheduler_polling_artifact.py::test_initially_false_while_never_executes_body_or_suspends	public	pin-internals	retired-wave4	
tests/numsim/integration/test_scheduler_polling_artifact.py::test_integer_while_conditions_use_nonzero_truth_semantics	public	pass	flip	
tests/numsim/integration/test_scheduler_polling_artifact.py::test_nested_while_inner_break_does_not_escape_time_sliced_outer_loop	public	pin-internals	retired-wave4	
tests/numsim/integration/test_scheduler_polling_artifact.py::test_scheduler_progress_loop_cas_mismatch_lane_observes_in_body_write_epoch	public	pin-internals	retired-wave4	
tests/numsim/integration/test_scheduler_polling_artifact.py::test_scheduler_progress_loop_does_not_replay_successful_root_claim	public	pass	flip	
tests/numsim/integration/test_scheduler_polling_artifact.py::test_scheduler_progress_loop_suspends_until_continuation_publish	public	pin-internals	retired-wave4	
tests/numsim/integration/test_scheduler_polling_artifact.py::test_scheduler_progress_loop_suspends_until_done_publish	public	pin-internals	retired-wave4	
tests/numsim/integration/test_scheduler_polling_artifact.py::test_short_while_does_not_suspend	public	pin-internals	retired-wave4	
tests/numsim/integration/test_scheduler_polling_artifact.py::test_time_slice_does_not_replay_body_side_effects_and_schedules_peer	public	other-assertion:port	retired-wave4	
tests/numsim/integration/test_scheduler_polling_artifact.py::test_time_slice_preserves_lane_divergence_and_native_locals	public	pin-internals	retired-wave4	
tests/numsim/integration/test_scheduler_polling_artifact.py::test_time_slice_uses_configured_reschedule_quantum	public	other-assertion:port	retired-wave4	
tests/numsim/integration/test_stmatrix_artifact.py::test_stmatrix_analyze_rejects_a_pointer_without_backing	internal	pass	retired-wave4	analyze,verify
tests/numsim/integration/test_stmatrix_artifact.py::test_stmatrix_native_layout_matches_blackwell_gpu_microtest	internal	pass	flip-after-import-fix	
tests/numsim/integration/test_stmatrix_artifact.py::test_stmatrix_registry_accepts_repository_and_x2_forms	internal	pass	retired-wave4	analyze
tests/numsim/integration/test_stmatrix_artifact.py::test_stmatrix_registry_accepts_reviewed_shared_forms	internal	pass	retired-wave4	analyze
tests/numsim/integration/test_stmatrix_artifact.py::test_stmatrix_x2_layouts_match_ptx_fragment_mapping	internal	pass	flip-after-import-fix	
tests/numsim/integration/test_tcgen_transfer_artifact.py::test_all_inactive_tcgen_transfer_is_a_noop	public	pass	flip	
tests/numsim/integration/test_tcgen_transfer_artifact.py::test_dynamic_tmem_origin_can_be_reused_across_transfers	public	pass	flip	
tests/numsim/integration/test_tcgen_transfer_artifact.py::test_large_f32_tmem_to_local_preserves_values	public	pass	flip	
tests/numsim/integration/test_tcgen_transfer_artifact.py::test_m128_f32_tmem_slice_to_local_uses_bulk_layout_transfer	public	pass	flip	
tests/numsim/integration/test_tcgen_transfer_artifact.py::test_same_width_tmem_dtype_view_preserves_physical_bits	public	pass	flip	
tests/numsim/integration/test_tcgen_transfer_artifact.py::test_tcgen_16xb_roundtrip_preserves_16bit_register_halves	public	pass	flip	
tests/numsim/integration/test_tcgen_transfer_artifact.py::test_tcgen_cp_bitcasts_uint8_scale_payload_into_float8_tmem	public	lowering-rejects	retired-wave4	
tests/numsim/integration/test_tcgen_transfer_artifact.py::test_tcgen_cp_cta_group2_reads_and_writes_each_cta_scale_backing	public	lowering-rejects	retired-wave4	
tests/numsim/integration/test_tcgen_transfer_artifact.py::test_tcgen_cp_cta_group2_routes_each_pair_in_four_cta_cluster	public	lowering-rejects	retired-wave4	
tests/numsim/integration/test_tcgen_transfer_artifact.py::test_tcgen_cp_cta_group2_supports_float16_payloads	public	other-assertion:delta	retired-wave4	
tests/numsim/integration/test_tcgen_transfer_artifact.py::test_tcgen_cp_expands_tlane_replicas	public	other-assertion:delta	retired-wave4	
tests/numsim/integration/test_tcgen_transfer_artifact.py::test_tcgen_cp_supports_rank3_multi_instruction_layout	public	other-assertion:delta	retired-wave4	
tests/numsim/integration/test_tcgen_transfer_artifact.py::test_tcgen_tmem_to_wg_local_uses_layout_owners	public	pass	flip	
tests/numsim/integration/test_tcgen_transfer_artifact.py::test_tcgen_wg_local_to_tmem_uses_one_physical_writer	public	pass	flip	
tests/numsim/integration/test_tmem_artifact.py::test_tmem_allocator_returns_nonzero_bases_and_reuses_released_ranges	public	pass	flip	
tests/numsim/integration/test_tmem_artifact.py::test_tmem_dynamic_lease_rejects_invalid_lifetimes_and_ranges	public	pin-message	retired-wave4	
tests/numsim/integration/test_tmem_artifact.py::test_tmem_layout_d_aliases_and_isolates_ctas	public	pass	flip	
tests/numsim/integration/test_tmem_artifact.py::test_tmem_layout_f_maps_rows_to_half_slabs	public	engine-stops	retired-wave4	
tests/numsim/integration/test_tmem_artifact.py::test_tmem_live_allocation_at_kernel_exit_is_rejected	public	pass	retired-wave4	
tests/numsim/integration/test_tmem_artifact.py::test_tmem_runtime_address_uses_a_live_dynamic_lease	public	pass	flip	
tests/numsim/integration/test_tmem_artifact.py::test_tmem_runtime_address_without_a_dynamic_lease_is_rejected	public	pin-message	retired-wave4	
tests/numsim/integration/test_tmem_artifact.py::test_tmem_subword_views_alias_one_physical_cell	public	pass	flip	
tests/numsim/integration/test_tmem_artifact.py::test_tmem_uninitialized_reads_are_zero_filled_and_require_review	public	pass	flip	
tests/numsim/integration/test_topology_artifact.py::test_artifact_launch_rejects_topologies_outside_engine_representation	internal	lowering-rejects	retired-wave4	
tests/numsim/integration/test_topology_artifact.py::test_cta_pair_uses_two_cta_residue_without_reducing_cluster_topology	internal	pin-internals	retired-wave4	analyze
tests/numsim/integration/test_vector_ir_artifact.py::test_128bit_vector_reinterpret_is_a_bitwise_roundtrip	internal	pin-internals	retired-wave4	
tests/numsim/integration/test_vector_ir_artifact.py::test_generic_vector_extract_fails_during_analysis	internal	pass	retired-wave4	analyze
tests/numsim/integration/test_vector_ir_artifact.py::test_packed_storage_vectors_fail_closed_for_ordinary_arithmetic	internal	pass	retired-wave4	analyze
tests/numsim/integration/test_vector_ir_artifact.py::test_uint32x2_construction_preserves_low_and_high_words	internal	pass	flip-after-import-fix	
tests/numsim/integration/test_vector_ir_artifact.py::test_vector_ir_roundtrip_executes_packed_and_f32x4_semantics	internal	pin-internals	retired-wave4	analyze
tests/numsim/integration/test_vector_ir_artifact.py::test_vector_shuffle_classifier_and_frontend_reject_out_of_range_extract	internal	pass	retired-wave4	analyze
tests/numsim/integration/test_warp_gemm_artifact.py::test_larger_exec_scopes_run_one_mma_fragment_per_warp	public	pass	flip	
tests/numsim/integration/test_warp_gemm_artifact.py::test_warp_gemm_gathers_and_scatters_register_fragments_by_layout	public	pass	flip	
tests/numsim/integration/test_warp_gemm_artifact.py::test_warp_gemm_rejects_layout_that_disagrees_with_instruction_abi	public	pass	flip	
tests/numsim/integration/test_warp_gemm_artifact.py::test_warp_gemm_supports_registered_m16n8_family	public	pass	flip	
tests/numsim/integration/test_warp_ops_artifact.py::test_warp_collectives_reject_invalid_participant_contracts	public	pin-message	retired-wave4	
tests/numsim/integration/test_warp_ops_artifact.py::test_warp_intrinsics_use_typed_engine_calls	public	pass	flip	
tests/numsim/integration/test_written_buffer_inference.py::test_atomic_pointer_offset_mutates_the_parameter	internal	pass	flip-after-import-fix	
tests/numsim/integration/test_written_buffer_inference.py::test_dynamic_raw_write_requires_bound_address	internal	synccheck-verdict	retired-wave4	analyze,verify
tests/numsim/integration/test_written_buffer_inference.py::test_raw_store_pointer_forms_reach_the_host_output	internal	pass	flip-after-import-fix	
tests/numsim/integration/test_written_buffer_inference.py::test_selected_outputs_preserve_all_host_writes	internal	other-assertion	retired-wave4	
tests/numsim/integration/test_written_buffer_inference.py::test_structured_alias_store_maps_back_to_parameter_owner	internal	pass	flip-after-import-fix	
tests/numsim/integration/test_written_buffer_inference.py::test_tvm_access_ptr_destination_maps_to_parameter_owner	internal	pass	flip-after-import-fix	
tests/numsim/registry/test_bitwise_nodes.py::test_vector_bitwise_nodes_are_rejected	internal	pass	retired-wave4	analyze
tests/numsim/registry/test_call_resolution.py::test_fetch_register_alias_normalization_is_explicit	internal	pass	retired-wave4	emitted_module
tests/numsim/registry/test_call_resolution.py::test_frontend_discovers_typed_tensor_map_parameters_from_exact_owners	internal	pass	retired-wave4	TensorMapSpec,analyze,call_op_names
tests/numsim/registry/test_call_resolution.py::test_frontend_records_typed_implicit_tmem_requirement	internal	pass	retired-wave4	analyze
tests/numsim/registry/test_call_resolution.py::test_host_abi_rejects_distinct_tensor_map_parameters_with_one_public_name	internal	pass	retired-wave4	HostAbiError,TensorMapSpec,analyze,build_host_abi
tests/numsim/registry/test_copy_dispatch_contract.py::test_auto_local_to_local_copy_runs_for_every_active_lane	internal	pass	retired-wave4	
tests/numsim/registry/test_copy_dispatch_contract.py::test_cross_warp_copy_owner_remap_is_accepted_statically	internal	pass	retired-wave4	analyze,verify
tests/numsim/registry/test_copy_dispatch_contract.py::test_default_thread_owned_local_copy_uses_physical_owners	internal	pass	retired-wave4	
tests/numsim/registry/test_copy_dispatch_contract.py::test_fallback_hint_is_accepted_for_thread_owned_local_copy	internal	pass	retired-wave4	
tests/numsim/registry/test_copy_dispatch_contract.py::test_ldstmatrix_dispatch_hint_does_not_select_numsim_semantics	internal	pass	retired-wave4	
tests/numsim/registry/test_copy_dispatch_contract.py::test_ordinary_copy_dispatch_does_not_select_semantics	internal	pass	retired-wave4	analyze,verify
tests/numsim/registry/test_copy_dispatch_contract.py::test_same_warp_copy_remaps_lane_owned_values	internal	pass	retired-wave4	
tests/numsim/registry/test_copy_dispatch_contract.py::test_single_element_local_copy_runs_for_every_active_lane	internal	pass	retired-wave4	
tests/numsim/registry/test_copy_dispatch_contract.py::test_warpgroup_shared_copy_snapshots_overlap_independent_of_dispatch	internal	pass	retired-wave4	
tests/numsim/registry/test_ptx_spdecompress_registry.py::test_spdecompress_accepts_each_b32_carrier_without_changing_static_shape	internal	pass	retired-wave4	emitted_calls
tests/numsim/registry/test_ptx_spdecompress_registry.py::test_spdecompress_rejects_same_physical_register_through_alias_views	internal	pass	retired-wave4	analyze,emit_rust_module
tests/numsim/registry/test_ptx_spdecompress_registry.py::test_spdecompress_rejects_unknown_dynamic_register_overlap	internal	pass	retired-wave4	analyze,emit_rust_module
tests/numsim/runtime/test_approximate_f32_contract.py::test_bf16x2_exp2_executes_both_lanes_and_flushes_bf16_subnormals	public	pass	flip	
tests/numsim/runtime/test_approximate_f32_contract.py::test_f16x2_exp2_executes_both_lanes_and_preserves_subnormal_results	public	pass	flip	
tests/numsim/runtime/test_approximate_f32_contract.py::test_f16x2_tanh_approx_representative_executes	public	pass	flip	
tests/numsim/runtime/test_approximate_f32_contract.py::test_non_ftz_exp2_executes_and_preserves_subnormal_outputs	public	pass	flip	
tests/numsim/runtime/test_approximate_f32_contract.py::test_non_ftz_rcp_executes_and_preserves_subnormal_outputs	public	pass	flip	
tests/numsim/runtime/test_approximate_f32_contract.py::test_output_comparison_does_not_guess_how_a_local_ulp_budget_propagates	public	pass	flip	
tests/numsim/runtime/test_approximate_f32_contract.py::test_rsqrt_approx_ftz_representative_executes	public	pass	flip	
tests/numsim/runtime/test_approximate_f32_contract.py::test_tanh_approx_representative_executes	public	pass	flip	
tests/numsim/runtime/test_approximate_f32_contract.py::test_worker_normalizes_rounding_without_polluting_the_caller	public	pass	flip	
tests/numsim/runtime/test_async_group_domain_oracle.py::test_async_group_wait_counts_complete_on_an_empty_queue	public	pin-internals	retired-wave4	
tests/numsim/runtime/test_async_release.py::test_async_release_payloads	public	pass	flip	
tests/numsim/runtime/test_atomic_domain_oracle.py::test_every_cuda_atomic_add_and_cas_form_executes_with_exact_bits	public	pin-internals	retired-wave4	
tests/numsim/runtime/test_atomic_f32_noftz.py::test_atomic_f32_noftz	public	pin-internals	retired-wave4	
tests/numsim/runtime/test_atomic_f32_noftz.py::test_bulk_f32_noftz	public	pass	flip	
tests/numsim/runtime/test_atomic_f32_noftz.py::test_noftz_keeps_atomic_memory_checks	public	pass	flip	
tests/numsim/runtime/test_bar_reduce.py::test_bar_reduce	public	pass	flip	
tests/numsim/runtime/test_bar_reduce.py::test_bar_reduce_invalid_controls	public	pass	flip	
tests/numsim/runtime/test_bitwise_nodes.py::test_bitwise_node_in_static_launch_extent	internal	pass	flip-after-import-fix	
tests/numsim/runtime/test_bitwise_nodes.py::test_bitwise_nodes_match_integer_oracle	internal	pass	retired-wave4	analyze
tests/numsim/runtime/test_bitwise_nodes.py::test_boolean_bitwise_nodes_preserve_masks	internal	pass	flip-after-import-fix	
tests/numsim/runtime/test_bulk_reduce_s2g_f32.py::test_bulk_reduce_is_atomic_across_ctas_without_lost_updates	internal	pass	flip-after-import-fix	
tests/numsim/runtime/test_bulk_reduce_s2g_f32.py::test_bulk_reduce_is_atomic_captures_source_and_publishes_only_at_full_wait	internal	other-assertion	retired-wave4	call_op_names
tests/numsim/runtime/test_bulk_reduce_s2g_f32.py::test_bulk_reduce_preserves_f32_subnormals	internal	pass	flip-after-import-fix	
tests/numsim/runtime/test_bulk_reduce_s2g_f32.py::test_bulk_reduce_reads_destination_at_full_completion	internal	pass	flip-after-import-fix	
tests/numsim/runtime/test_bulk_reduce_s2g_f32.py::test_bulk_reduce_rejects_invalid_runtime_layout	internal	pass	flip-after-import-fix	
tests/numsim/runtime/test_byte_copy_vector_store.py::test_generic_ptx_vector_store_widths_and_types	internal	pass	flip-after-import-fix	
tests/numsim/runtime/test_byte_copy_vector_store.py::test_vector_store_checks_total_access_width_alignment	internal	pin-message	retired-wave4	
tests/numsim/runtime/test_byte_copy_vector_store.py::test_vector_store_registry_is_exact	internal	pass	retired-wave4	analyze
tests/numsim/runtime/test_byte_pointer_view_alias.py::test_byte_pointer_can_form_a_wider_physical_alias	public	pin-internals	retired-wave4	
tests/numsim/runtime/test_cache_hint_ops.py::test_async_applypriority_bulk_groups_are_visible_to_checkers	internal	pass	retired-wave4	_run_racecheck,_run_synccheck
tests/numsim/runtime/test_cache_hint_ops.py::test_cache_hint_family_validates_operands_without_changing_memory	internal	other-assertion	retired-wave4	call_op_names
tests/numsim/runtime/test_cache_hint_ops.py::test_scalar_cache_hint_runtime_contracts_reach_the_engine	internal	v2-accepts-legacy-rejection	blocked-v2	
tests/numsim/runtime/test_cache_hint_ops.py::test_tensor_map_selector_accepts_independent_lane_hint_descriptors	internal	pass	flip-after-import-fix	
tests/numsim/runtime/test_cache_hint_ops.py::test_valid_address_prefetch_checks_only_predicate_selected_lanes	internal	pass	retired-wave4	
tests/numsim/runtime/test_compare_predicates.py::test_compare_instruction_predicates	public	other-assertion	retired-wave4	
tests/numsim/runtime/test_copy_multicast32.py::test_multicast_high_bit_targets_and_bounds	public	other-assertion	retired-wave4	
tests/numsim/runtime/test_cp_async_mbarrier_visibility.py::test_copy_arrival_is_not_an_explicit_commit	public	synccheck-verdict	retired-wave4	
tests/numsim/runtime/test_cp_async_mbarrier_visibility.py::test_copy_arrival_retains_earlier_copy_history	public	racecheck-verdict	retired-wave4	
tests/numsim/runtime/test_cuda_generic_scalar_forms.py::test_cta_int32_reductions_preserve_typed_scratch	internal	pass	retired-wave4	analyze
tests/numsim/runtime/test_cuda_generic_scalar_forms.py::test_cuda_ldg_keeps_natural_alignment_checks	internal	pin-message	retired-wave4	
tests/numsim/runtime/test_cuda_generic_scalar_forms.py::test_cuda_ldg_supports_cuda_scalar_overloads	internal	pass	retired-wave4	analyze
tests/numsim/runtime/test_cuda_generic_scalar_forms.py::test_warp_float64_reductions_use_generic_typed_runtime	internal	pass	retired-wave4	analyze
tests/numsim/runtime/test_cuda_ldg_overloads.py::test_cuda_ldg_packed_vectors_preserve_physical_bits	internal	pass	retired-wave4	vector_dtype_abi
tests/numsim/runtime/test_cuda_ldg_overloads.py::test_cuda_ldg_public_dtype_contract_is_accepted_or_rejected_exactly	internal	pass	retired-wave4	analyze
tests/numsim/runtime/test_cuda_low_precision_reductions.py::test_cuda_low_precision_max_min_select_the_rhs_for_equal_zeros	internal	other-assertion	retired-wave4	
tests/numsim/runtime/test_cuda_low_precision_reductions.py::test_cuda_low_precision_reductions_follow_typed_butterfly_semantics	internal	pass	retired-wave4	analyze
tests/numsim/runtime/test_cuda_packed_vector_forms.py::test_cuda_directional_shuffles_preserve_float16x2_payload_bits	internal	pass	flip-after-import-fix	
tests/numsim/runtime/test_cuda_packed_vector_forms.py::test_cuda_ldg_supports_float32x2_as_one_packed_64bit_load	internal	pass	retired-wave4	analyze
tests/numsim/runtime/test_cuda_packed_vector_forms.py::test_cuda_shfl_sync_preserves_float16x2_payload_bits	internal	pass	retired-wave4	analyze
tests/numsim/runtime/test_cuda_packed_vector_forms.py::test_cuda_shuffles_preserve_bfloat16x2_payload_bits	internal	pass	flip-after-import-fix	
tests/numsim/runtime/test_cvt_carriers.py::test_cvt_carriers_truncate_extend_and_gate_reads	public	other-assertion	retired-wave4	
tests/numsim/runtime/test_cvt_integer_sat.py::test_integer_cvt_sat_clamps_before_narrowing_and_preserves_predicates	public	pass	flip	
tests/numsim/runtime/test_cvt_predicates.py::test_stochastic_cvt_predicates_preserve_random_bits	internal	other-assertion	retired-wave4	
tests/numsim/runtime/test_dense_mma_forms.py::test_legacy_m16n8k32_int8_reuses_dense_form_and_engine	public	lowering-rejects	retired-wave4	
tests/numsim/runtime/test_dense_mma_forms.py::test_m16n8k128_b1_xor_popc_matches_logical_reference	public	pass	flip	
tests/numsim/runtime/test_dense_mma_forms.py::test_m16n8k16_f64_mma_matches_fused_reference	public	pass	flip	
tests/numsim/runtime/test_dense_mma_forms.py::test_m16n8k16_integer_satfinite_clamps_after_accumulation	public	pass	flip	
tests/numsim/runtime/test_dense_mma_forms.py::test_m16n8k16_mixed_fp8_supports_f16_accumulator	public	pass	flip	
tests/numsim/runtime/test_dense_mma_forms.py::test_m16n8k32_int4_satfinite_clamps_after_accumulation	public	pass	flip	
tests/numsim/runtime/test_dense_mma_forms.py::test_m16n8k32_int4_uses_packed_b32_fragment_abi	public	pass	flip	
tests/numsim/runtime/test_dense_mma_forms.py::test_m16n8k32_mixed_fp8_uses_packed_fragment_abi	public	pass	flip	
tests/numsim/runtime/test_dense_mma_forms.py::test_m16n8k32_mixed_int8_mma_matches_integer_reference	public	pass	flip	
tests/numsim/runtime/test_dense_mma_forms.py::test_m16n8k32_no_c_uses_zero_accumulator	public	pass	flip	
tests/numsim/runtime/test_dense_mma_forms.py::test_m16n8k4_tf32_mma_matches_tf32_reference	public	pass	flip	
tests/numsim/runtime/test_dense_mma_forms.py::test_m16n8k8_f16_accepts_b32_backed_input_registers	public	pass	flip	
tests/numsim/runtime/test_dense_mma_forms.py::test_m16n8k8_f16_accumulator_uses_packed_output_registers	public	pass	flip	
tests/numsim/runtime/test_dense_mma_forms.py::test_m8n8k4_f16_executes_four_independent_mmas	public	pass	flip	
tests/numsim/runtime/test_dense_mma_forms.py::test_m8n8k4_f64_mma_matches_fused_reference	public	pass	flip	
tests/numsim/runtime/test_discard.py::test_discard_indeterminate_read_and_alignment	public	pass	flip	
tests/numsim/runtime/test_discard.py::test_discard_range_and_predication	public	pass	flip	
tests/numsim/runtime/test_dynamic_pure_call_runtime_domains.py::test_complete_if_then_else_domain_executes_both_branches	public	pass	flip	
tests/numsim/runtime/test_dynamic_pure_call_runtime_domains.py::test_complete_integer_bitwise_and_shift_domain_executes	public	pass	flip	
tests/numsim/runtime/test_dynamic_pure_call_runtime_domains.py::test_complete_tvm_shuffle_payload_domain_executes	public	pass	flip	
tests/numsim/runtime/test_dynamic_pure_call_runtime_domains.py::test_if_then_else_mixed_pointer_spaces_fail_closed	public	pin-message	retired-wave4	
tests/numsim/runtime/test_expr_codegen.py::test_expression_captures_preserve_constants_load_order_and_wrapping	internal	pass	flip-after-import-fix	
tests/numsim/runtime/test_expr_codegen.py::test_fixed_width_integer_operations_preserve_casts_and_wrap_observably	internal	pass	flip-after-import-fix	
tests/numsim/runtime/test_expr_codegen.py::test_low_precision_arithmetic_rounds_at_every_expression_node	internal	other-assertion	retired-wave4	
tests/numsim/runtime/test_expr_codegen.py::test_truncating_integer_division_and_remainder_match_tir_semantics	internal	pass	flip-after-import-fix	
tests/numsim/runtime/test_fetch_register_domain_oracle.py::test_every_fetch_register_form_matches_the_logical_topology	public	pin-internals	retired-wave4	
tests/numsim/runtime/test_flashkda_cuda_helpers.py::test_flashkda_math_helper_dtype_mismatch_fails_closed	public	pass	flip	
tests/numsim/runtime/test_flashkda_cuda_helpers.py::test_flashkda_math_helper_semantic_mutations_fail_closed	public	pass	flip	
tests/numsim/runtime/test_flashkda_cuda_helpers.py::test_flashkda_math_helpers_have_reviewed_observable_semantics	public	pass	flip	
tests/numsim/runtime/test_float8_address_shuffle.py::test_cuda_four_argument_shfl_sync_uses_implicit_warp_size	public	pin-internals	retired-wave4	
tests/numsim/runtime/test_float8_address_shuffle.py::test_float8_address_uses_one_byte_physical_pointer	public	pin-internals	retired-wave4	
tests/numsim/runtime/test_float8_address_shuffle.py::test_scalar_fp8_identity_reinterpret_rejects_256_payload_roundtrip	public	pass	flip	
tests/numsim/runtime/test_ftz_rounding.py::test_ftz_rounding_boundary	public	pass	flip	
tests/numsim/runtime/test_ftz_rounding.py::test_ftz_rounding_boundary_gpu	public	skip	gpu-only	
tests/numsim/runtime/test_gate_intrinsics.py::test_gate_intrinsics_match_float32_semantics	public	pin-internals	retired-wave4	
tests/numsim/runtime/test_im2col_cache_hints.py::test_im2col_cache_hints	public	pass	flip	
tests/numsim/runtime/test_launch_resource_facts.py::test_exclusive_tmem_uses_cta_local_lifecycle_without_placement	public	engine-stops	retired-wave4	
tests/numsim/runtime/test_launch_resource_facts.py::test_pointer_bits_preserve_binding_address_and_subview_offset	public	other-assertion	retired-wave4	
tests/numsim/runtime/test_launch_resource_facts.py::test_smid_defaults_to_zero_in_execution_and_both_checkers	public	pass	flip	
tests/numsim/runtime/test_layout_lowering_contract.py::test_compose_layout_combines_tile_and_swizzle_into_physical_alias_bytes	public	pass	flip	
tests/numsim/runtime/test_layout_lowering_contract.py::test_local_view_exposes_raw_span_including_layout_gaps_and_offset	public	pass	flip	
tests/numsim/runtime/test_layout_lowering_contract.py::test_overlapping_declared_views_observe_one_shared_physical_allocation	public	pass	flip	
tests/numsim/runtime/test_layout_lowering_contract.py::test_physical_buffers_preserve_coordinates_aliases_and_lane_private_storage	public	racecheck-verdict	retired-wave4	
tests/numsim/runtime/test_layout_lowering_contract.py::test_runtime_shared_view_offset_selects_the_observable_backing_region	public	pass	flip	
tests/numsim/runtime/test_layout_lowering_contract.py::test_runtime_tmem_layout_base_selects_physical_columns	public	pass	flip	
tests/numsim/runtime/test_layout_lowering_contract.py::test_shared_dyn_tile_layout_maps_logical_values_into_the_exact_physical_span	public	pass	flip	
tests/numsim/runtime/test_layout_lowering_contract.py::test_tmem_tlane_tcol_coordinates_are_observable_through_a_physical_alias	public	engine-stops	retired-wave4	
tests/numsim/runtime/test_layout_lowering_contract.py::test_typed_tma_uses_the_transpiler_lowered_swizzle_and_exposes_alias_writes	public	pass	flip	
tests/numsim/runtime/test_ldmatrix_b8.py::test_ldmatrix_b8_invalid_controls	public	pass	flip	
tests/numsim/runtime/test_ldmatrix_b8.py::test_ldmatrix_b8_layouts	public	pass	flip	
tests/numsim/runtime/test_ldmatrix_b8.py::test_ldmatrix_s8_s4	public	pass	flip	
tests/numsim/runtime/test_log2.py::test_log2_is_supported_by_checkers	internal	pass	flip-after-import-fix	
tests/numsim/runtime/test_log2.py::test_log2_matches_independent_reference	internal	pass	retired-wave4	ComparisonSpec,NumSimCase
tests/numsim/runtime/test_logic_carriers.py::test_half_reinterpret_preserves_storage_payloads	public	skip	gpu-only	
tests/numsim/runtime/test_logic_carriers.py::test_logic_carriers_preserve_bits_and_masks	public	pass	flip	
tests/numsim/runtime/test_loop_bounds.py::test_lane_varying_loop_supports_break_and_continue	public	pin-internals	retired-wave4	
tests/numsim/runtime/test_loop_bounds.py::test_lane_varying_min_extent_and_step_use_masked_native_loop	public	pin-internals	retired-wave4	
tests/numsim/runtime/test_loop_bounds.py::test_static_single_trip_for_preserves_masks_and_loop_path	public	pin-internals	retired-wave4	
tests/numsim/runtime/test_loop_bounds.py::test_static_zero_trip_for_omits_native_loop_scaffolding	public	pin-internals	retired-wave4	
tests/numsim/runtime/test_loop_bounds.py::test_uniform_loop_var_preserves_tir_dtype_in_select	public	pin-internals	retired-wave4	
tests/numsim/runtime/test_loop_bounds.py::test_v0_style_nested_triangular_bounds	public	pin-internals	retired-wave4	
tests/numsim/runtime/test_matrix_instruction_codegen.py::test_matrix_family_supports_dense_and_sparse_ptx	internal	pass	retired-wave4	analyze
tests/numsim/runtime/test_matrix_instruction_codegen.py::test_mma_fragment_fill_and_store_observe_lane_register_layout	internal	pass	flip-after-import-fix	
tests/numsim/runtime/test_matrix_instruction_codegen.py::test_ptx_mma_f16_literal_zero_c_uses_no_c_engine_abi	internal	pass	flip-after-import-fix	
tests/numsim/runtime/test_matrix_instruction_codegen.py::test_ptx_mma_f16_observes_packed_b16_register_abi	internal	pass	flip-after-import-fix	
tests/numsim/runtime/test_matrix_instruction_codegen.py::test_ptx_mma_legacy_executes_actual_pointer_offset_abi	internal	lowering-rejects	retired-wave4	
tests/numsim/runtime/test_matrix_instruction_codegen.py::test_ptx_mma_mixed_accumulator_and_literal_zero_c	internal	pass	flip-after-import-fix	
tests/numsim/runtime/test_matrix_instruction_codegen.py::test_ptx_mma_sp_selector1_expands_nonuniform_metadata	internal	pass	flip-after-import-fix	
tests/numsim/runtime/test_matrix_instruction_codegen.py::test_ptx_mma_tf32_observes_lane_register_abi	internal	pass	flip-after-import-fix	
tests/numsim/runtime/test_matrix_memory_domain_oracle.py::test_legacy_ldmatrix_x1_domain_matches_independent_fragment_mapping	public	lowering-rejects	retired-wave4	
tests/numsim/runtime/test_matrix_memory_domain_oracle.py::test_ptx_ldmatrix_x1_x2_domain_matches_independent_lane_byte_mapping	public	pass	flip	
tests/numsim/runtime/test_matrix_memory_domain_oracle.py::test_stmatrix_b16_x1_domain_matches_independent_lane_half_mapping	public	pass	flip	
tests/numsim/runtime/test_matrix_memory_domain_oracle.py::test_stmatrix_b8_x4_domain_matches_independent_lane_byte_mapping	public	pass	flip	
tests/numsim/runtime/test_mbarrier_drop.py::test_mbarrier_drop	public	pass	flip	
tests/numsim/runtime/test_mbarrier_lane_semantics.py::test_blocking_wait_fails_closed_for_mixed_lane_readiness	public	pin-message(error->incomplete)	retired-wave4	
tests/numsim/runtime/test_mbarrier_lane_semantics.py::test_checkers_allow_lane_varying_nonblocking_queries	public	pass	flip	
tests/numsim/runtime/test_mbarrier_lane_semantics.py::test_current_mbarrier_arrival_and_completion_forms_advance_protocol	public	pass	flip	
tests/numsim/runtime/test_mbarrier_lane_semantics.py::test_issue_time_numeric_completions_allow_distinct_barrier_waits	public	pass	flip	
tests/numsim/runtime/test_mbarrier_lane_semantics.py::test_mbarrier_init_honors_elected_lane_predicate	public	pass	flip	
tests/numsim/runtime/test_mbarrier_lane_semantics.py::test_nonblocking_queries_snapshot_lane_varying_conditions	public	pass	flip	
tests/numsim/runtime/test_mbarrier_lane_semantics.py::test_remote_arrive_honors_lane_varying_target_and_predicate	public	pass	flip	
tests/numsim/runtime/test_mbarrier_lane_semantics.py::test_standalone_mbarrier_expect_tx_arms_without_consuming_an_arrival	public	pass	flip	
tests/numsim/runtime/test_mbarrier_maintenance.py::test_maintenance_active_addresses_still_checked	public	other-assertion:delta	retired-wave4	
tests/numsim/runtime/test_mbarrier_maintenance.py::test_maintenance_predicates_and_carriers	public	pass	flip	
tests/numsim/runtime/test_mbarrier_multicast.py::test_mbarrier_multicast32	public	racecheck-verdict	retired-wave4	
tests/numsim/runtime/test_mbarrier_multicast.py::test_mbarrier_multicast_lane_masks	public	racecheck-verdict	retired-wave4	
tests/numsim/runtime/test_mbarrier_pending_count.py::test_pending_count_snapshot	public	pass	flip	
tests/numsim/runtime/test_mbarrier_report.py::test_gather4_report_samples_only_selected_source_rows	public	pass	flip	
tests/numsim/runtime/test_mbarrier_report.py::test_multicast_report_targets	public	pass	flip	
tests/numsim/runtime/test_mbarrier_report.py::test_report_queries_and_phase_reset	public	pass	flip	
tests/numsim/runtime/test_mbarrier_report.py::test_tensor_copy_report	public	pass	flip	
tests/numsim/runtime/test_memory_coverage_next.py::test_ldu_rejects_nonuniform_or_misaligned_vector	public	pin-message	retired-wave4	
tests/numsim/runtime/test_memory_coverage_next.py::test_next_memory_contracts	public	pass	flip	
tests/numsim/runtime/test_memory_coverage_next.py::test_no_complete_rejects_exhausted_arrivals	public	other-assertion:delta	retired-wave4	
tests/numsim/runtime/test_memory_coverage_next.py::test_tensor_map_ftz_types_preserve_copy_values	public	pass	flip	
tests/numsim/runtime/test_memory_coverage_next.py::test_tensor_map_update_requires_release	public	pass	flip	
tests/numsim/runtime/test_memory_ops.py::test_bulk_g2s_cta_copies_exact_physical_bytes	internal	pass	flip-after-import-fix	
tests/numsim/runtime/test_memory_ops.py::test_cp_async_ignore_src_skips_oob_reads_and_zero_fills	internal	pass	flip-after-import-fix	
tests/numsim/runtime/test_memory_ops.py::test_cp_async_preserves_bound_raw_shared_base_and_lane_offset	internal	pass	flip-after-import-fix	
tests/numsim/runtime/test_memory_ops.py::test_cp_async_public_sizes_predicate_and_fill_modes	internal	pass	flip-after-import-fix	
tests/numsim/runtime/test_memory_ops.py::test_cuda_128bit_atomic_cas_compares_float_vectors_by_bits	internal	pass	retired-wave4	
tests/numsim/runtime/test_memory_ops.py::test_cuda_128bit_atomic_cas_uses_generic_total_width_vector_abi	internal	pass	flip-after-import-fix	
tests/numsim/runtime/test_memory_ops.py::test_cuda_16bit_float_atomic_add_uses_16bit_storage	internal	pass	flip-after-import-fix	
tests/numsim/runtime/test_memory_ops.py::test_cuda_float16x2_atomic_add_supports_shared_memory	internal	pass	flip-after-import-fix	
tests/numsim/runtime/test_memory_ops.py::test_cuda_float32x2_atomic_add_updates_components_and_returns_old_pairs	internal	pass	flip-after-import-fix	
tests/numsim/runtime/test_memory_ops.py::test_cuda_float32x4_atomic_add_is_componentwise	internal	pass	flip-after-import-fix	
tests/numsim/runtime/test_memory_ops.py::test_cuda_float_atomic_add_and_default_st_bulk_forms	internal	pass	flip-after-import-fix	
tests/numsim/runtime/test_memory_ops.py::test_cuda_packed_16bit_vector_atomic_add_is_componentwise	internal	pass	flip-after-import-fix	
tests/numsim/runtime/test_memory_ops.py::test_cuda_uint64x2_atomic_cas_compares_and_replaces_one_128bit_value	internal	pass	retired-wave4	
tests/numsim/runtime/test_memory_ops.py::test_legacy_acquire_and_guarded_ldg32_write_local_lvalues	internal	pass	flip-after-import-fix	
tests/numsim/runtime/test_memory_ops.py::test_legacy_ldmatrix_8bit_nontranspose_keeps_b16_fragment_abi	internal	lowering-rejects	retired-wave4	
tests/numsim/runtime/test_memory_ops.py::test_legacy_ldmatrix_8bit_transpose_matches_tirx_manual_gather	internal	lowering-rejects	retired-wave4	
tests/numsim/runtime/test_memory_ops.py::test_legacy_ldmatrix_8bit_transpose_uses_full_thread_index_across_warps	internal	lowering-rejects	retired-wave4	
tests/numsim/runtime/test_memory_ops.py::test_legacy_ldmatrix_transpose_preserves_b16_fragment_abi	internal	lowering-rejects	retired-wave4	
tests/numsim/runtime/test_memory_ops.py::test_memory_family_public_ops_have_closed_world_registration	internal	pass	retired-wave4	analyze
tests/numsim/runtime/test_memory_ops.py::test_ptx_atomics_apply_instruction_type_after_relaxed_operand_conformance	internal	pass	flip-after-import-fix	
tests/numsim/runtime/test_memory_ops.py::test_ptx_predicated_red_f32_skips_inactive_lanes	internal	pass	flip-after-import-fix	
tests/numsim/runtime/test_memory_ops.py::test_ptx_red_half_bfloat16x2_reduces_both_components	internal	pass	flip-after-import-fix	
tests/numsim/runtime/test_memory_ops.py::test_ptx_vector_f32_atomic_add_uses_scalar_storage_and_predicate	internal	pass	flip-after-import-fix	
tests/numsim/runtime/test_memory_ops.py::test_raw_tma_gather4_bar_address_and_prefetch	internal	pass	flip-after-import-fix	
tests/numsim/runtime/test_memory_ops.py::test_raw_tma_reduce_bfloat16_uses_plain_logical_dtype_array	internal	other-assertion	retired-wave4	prepare_bindings
tests/numsim/runtime/test_memory_ops.py::test_raw_tma_reduce_uses_retained_logical_dtype	internal	pass	retired-wave4	prepare_bindings
tests/numsim/runtime/test_memory_ops.py::test_scalar_atomic_add_has_no_s64_form_while_min_and_max_do	internal	pass	retired-wave4	emitted_calls
tests/numsim/runtime/test_memory_sync_coverage.py::test_half_atomic_old_value_preserves_signed_zero_subnormal_and_nan_bits	public	pass	flip	
tests/numsim/runtime/test_memory_sync_coverage.py::test_half_vector_predicate_alias_is_captured_before_either_result_store	public	pass	flip	
tests/numsim/runtime/test_memory_sync_coverage.py::test_memory_sync_extensions	public	racecheck-verdict	retired-wave4	
tests/numsim/runtime/test_mov_forms.py::test_mov_aliased_sources_destinations_and_predicate	public	pass	flip	
tests/numsim/runtime/test_mov_forms.py::test_mov_pointer_identity_masks_and_nulls	public	pass	flip	
tests/numsim/runtime/test_mxf8_cta2.py::test_raw_mxf8_cta2_m128_checks_ownership_and_values	public	pass	flip	
tests/numsim/runtime/test_mxf8_cta2.py::test_raw_mxf8_cta2_rejects_invalid_scale_copies	public	pass	flip	
tests/numsim/runtime/test_non_tensor_bulk_forms.py::test_bulk_g2s_cluster_accepts_static_true_predicate_as_unconditional	public	pin-internals	retired-wave4	
tests/numsim/runtime/test_non_tensor_bulk_forms.py::test_bulk_g2s_cluster_false_predicate_does_not_access_uninitialized_barrier	public	pass	flip	
tests/numsim/runtime/test_non_tensor_bulk_forms.py::test_bulk_g2s_cta_two_issuing_lanes_credit_both_transfers	public	pass	flip	
tests/numsim/runtime/test_non_tensor_bulk_forms.py::test_bulk_multicast_cta_mask_is_evaluated_per_issuing_lane	public	pass	flip	
tests/numsim/runtime/test_non_tensor_bulk_forms.py::test_bulk_s2g_size_and_byte_mask_are_evaluated_per_issuing_lane	public	pass	flip	
tests/numsim/runtime/test_non_tensor_bulk_forms.py::test_ignore_oob_allows_the_ignored_right_edge_outside_the_binding	public	pass	flip	
tests/numsim/runtime/test_non_tensor_bulk_forms.py::test_ignore_oob_copies_only_the_valid_middle	public	pass	flip	
tests/numsim/runtime/test_non_tensor_bulk_forms.py::test_ignore_oob_dead_bytes_are_zero_filled_and_require_review_if_read	public	pass	flip	
tests/numsim/runtime/test_non_tensor_bulk_forms.py::test_ignore_oob_rejects_counts_outside_ptx_range	public	pass	flip	
tests/numsim/runtime/test_non_tensor_bulk_forms.py::test_mapped_shared_address_rejects_invalid_consumed_bits	public	pass	flip	
tests/numsim/runtime/test_non_tensor_bulk_forms.py::test_raw_bulk_prefetch_preserves_global_memory	public	pin-internals	retired-wave4	
tests/numsim/runtime/test_non_tensor_bulk_forms.py::test_raw_bulk_s2c_preserves_mapped_remote_cta_ownership	public	racecheck-verdict	retired-wave4	
tests/numsim/runtime/test_non_tensor_bulk_forms.py::test_raw_st_async_preserves_mapped_expression_byte_offset	public	pass	flip	
tests/numsim/runtime/test_non_tensor_bulk_forms.py::test_st_bulk_size_is_evaluated_per_issuing_lane	public	pass	flip	
tests/numsim/runtime/test_ordering_calls.py::test_default_full_mask_warp_sync_rejects_divergent_execution	public	pin-message(error->incomplete)	retired-wave4	
tests/numsim/runtime/test_ordering_calls.py::test_deleting_setmaxnreg_keeps_the_numerical_result	public	engine-stops	retired-wave4	
tests/numsim/runtime/test_ordering_calls.py::test_griddep_token_crosses_sequential_kernel_phases	public	pin-internals	retired-wave4	
tests/numsim/runtime/test_ordering_calls.py::test_ordering_only_calls_preserve_native_source_order	public	pin-internals	retired-wave4	
tests/numsim/runtime/test_ordering_calls.py::test_setmaxnreg_accepts_equivalent_requests_from_distinct_branch_sites	public	pass	flip	
tests/numsim/runtime/test_ordering_calls.py::test_setmaxnreg_is_an_ordering_call_not_a_tcgen_lifecycle_call	public	engine-stops	retired-wave4	
tests/numsim/runtime/test_ordering_calls.py::test_setmaxnreg_rejects_warp_disagreement_within_one_occurrence	public	pin-message	retired-wave4	
tests/numsim/runtime/test_ordering_calls.py::test_setmaxnreg_requires_explicit_warpgroup_sync_before_a_later_call	public	pin-message	retired-wave4	
tests/numsim/runtime/test_ordering_calls.py::test_setmaxnreg_static_expressions_follow_public_parser_and_runtime	public	engine-stops	retired-wave4	
tests/numsim/runtime/test_packed_f16x2_arithmetic.py::test_half_subtract_modifiers	public	pass	flip	
tests/numsim/runtime/test_packed_f16x2_arithmetic.py::test_packed_bf16x2_subtracts_both_halves_with_one_rounding_step	public	pass	flip	
tests/numsim/runtime/test_packed_f16x2_arithmetic.py::test_packed_f16x2_multiplies_both_halves_with_one_rounding_step	public	pass	flip	
tests/numsim/runtime/test_packed_f16x2_arithmetic.py::test_packed_f16x2_subtracts_both_halves_with_one_rounding_step	public	pass	flip	
tests/numsim/runtime/test_packed_f16x2_arithmetic.py::test_scalar_f16_add_rounds_once_to_binary16	public	pass	flip	
tests/numsim/runtime/test_packed_f32x2_float32_destination.py::test_checkers_accept_the_float32_pair_destination	internal	pass	retired-wave4	racecheck,synccheck
tests/numsim/runtime/test_packed_f32x2_float32_destination.py::test_float32_pair_destination_matches_the_uint64_destination	internal	pass	flip-after-import-fix	
tests/numsim/runtime/test_packed_f32x2_float32_destination.py::test_packed_f32x2_value_forms_return_both_float_lanes	internal	pass	flip-after-import-fix	
tests/numsim/runtime/test_packed_f32x2_float32_destination.py::test_packed_f32x2_writes_both_halves_of_a_float32_pair	internal	pass	flip-after-import-fix	
tests/numsim/runtime/test_packed_f32x2_float32_destination.py::test_packed_store_footprint_covers_the_second_element	internal	pass	retired-wave4	racecheck
tests/numsim/runtime/test_packed_float4_global_views.py::test_direct_one_byte_per_value_float4_array_is_rejected	public	pass	retired-wave4	
tests/numsim/runtime/test_packed_float4_global_views.py::test_explicit_uint8_backing_supplies_two_float4_values_per_byte	public	pass	flip	
tests/numsim/runtime/test_packed_float4_global_views.py::test_global_alias_view_uses_layout_physical_span	public	pass	flip	
tests/numsim/runtime/test_packed_float4_global_views.py::test_odd_float4_logical_count_uses_a_ceiling_byte_span	public	pass	flip	
tests/numsim/runtime/test_physical_pointer_ownership.py::test_one_shot_temporary_pointer_operand_builds_and_runs	internal	pass	flip-after-import-fix	
tests/numsim/runtime/test_physical_pointer_ownership.py::test_reused_blocking_mbarrier_wait_pointer_executes_across_the_wait	internal	pass	flip-after-import-fix	
tests/numsim/runtime/test_physical_pointer_ownership.py::test_reused_legacy_mma_reuses_a_b_and_accumulator_bindings_across_calls	internal	lowering-rejects	retired-wave4	
tests/numsim/runtime/test_physical_pointer_ownership.py::test_reused_mma_store_pointers_write_lane_register_layout	internal	pass	flip-after-import-fix	
tests/numsim/runtime/test_physical_pointer_ownership.py::test_reused_physical_pointers_build_one_native_artifact	internal	lowering-rejects	retired-wave4	
tests/numsim/runtime/test_physical_pointer_ownership.py::test_reused_raw_ldmatrix_pointer_executes_both_loads	internal	pass	flip-after-import-fix	
tests/numsim/runtime/test_physical_pointer_ownership.py::test_reused_tcgen05_pointers_execute_alloc_store_and_commit	internal	pass	flip-after-import-fix	
tests/numsim/runtime/test_pointer_null.py::test_isnullptr_on_backed_pointers	public	pass	flip	
tests/numsim/runtime/test_pointer_null.py::test_numeric_null_predicate_compares_bits_without_resolving_memory	public	pass	flip	
tests/numsim/runtime/test_pointer_slot_arrays.py::test_pointer_array_alias_and_suspension	public	pass	flip	
tests/numsim/runtime/test_pointer_slot_arrays.py::test_pointer_array_initialization_and_bounds	public	pin-message+synccheck-verdict	retired-wave4	
tests/numsim/runtime/test_ptx_addr_runtime.py::test_ptx_addr_applies_a_signed_byte_offset	internal	pass	retired-wave4	analyze
tests/numsim/runtime/test_ptx_atomic_cas.py::test_atom_cas_returns_the_prior_value_and_swaps	public	pass	flip	
tests/numsim/runtime/test_ptx_atomic_cas.py::test_atom_cas_supports_b16_signed_carriers	public	pass	flip	
tests/numsim/runtime/test_ptx_atomic_cas.py::test_atom_cas_supports_global_b64	public	pass	flip	
tests/numsim/runtime/test_ptx_bitops.py::test_b16_carrier_cross_product_preserves_every_payload_bit	internal	pass	retired-wave4	PTX_SCHEMA_BY_OP_NAME
tests/numsim/runtime/test_ptx_bitops.py::test_bitfield_control_domain_is_checked_only_on_issuing_lanes	internal	pass	retired-wave4	PTX_SCHEMA_BY_OP_NAME
tests/numsim/runtime/test_ptx_bitops.py::test_fns_base_domain_is_checked_only_on_issuing_lanes	internal	pass	retired-wave4	PTX_SCHEMA_BY_OP_NAME
tests/numsim/runtime/test_ptx_bitops.py::test_ptx_bitop_forms_and_predicates_match_independent_oracle	internal	pass	retired-wave4	PTX_SCHEMA_BY_OP_NAME
tests/numsim/runtime/test_ptx_clmad.py::test_ptx_clmad_hi_and_lo_match_independent_gf2_oracle	public	pass	flip	
tests/numsim/runtime/test_ptx_compare_semantics.py::test_compare_and_classify_match_independent_bit_oracle	internal	pass	flip-after-import-fix	
tests/numsim/runtime/test_ptx_compare_semantics.py::test_setp_bit_size_eq_ne_preserves_mixed_carrier_payloads	internal	pass	flip-after-import-fix	
tests/numsim/runtime/test_ptx_compare_semantics.py::test_slct_preserves_payload_bits_and_defines_nan_zero_and_ftz	internal	pass	flip-after-import-fix	
tests/numsim/runtime/test_ptx_cvt_94.py::test_ptx94_non_pzo_cvt_families_match_independent_bit_oracle	public	pass	flip	
tests/numsim/runtime/test_ptx_cvt_94.py::test_ptx94_pzo_normalizes_each_negative_zero_after_narrow_conversion	public	pass	flip	
tests/numsim/runtime/test_ptx_cvt_packed_forms.py::test_f6_form_transpiles_and_preserves_exact_half_bits	public	pass	flip	
tests/numsim/runtime/test_ptx_cvt_pzo.py::test_pzo_is_post_conversion_and_applies_to_each_packed_result	public	pass	flip	
tests/numsim/runtime/test_ptx_float_register_ops.py::test_copysign_copies_only_the_sign_bit	internal	pass	retired-wave4	PTX_SCHEMA_BY_OP_NAME
tests/numsim/runtime/test_ptx_float_register_ops.py::test_mad_f_reuses_exact_fused_arithmetic_for_every_supported_modifier	internal	pass	retired-wave4	PTX_SCHEMA_BY_OP_NAME
tests/numsim/runtime/test_ptx_float_register_ops.py::test_neg_half_models_finite_values_and_chooses_the_documented_nan_representative	internal	pass	retired-wave4	PTX_SCHEMA_BY_OP_NAME
tests/numsim/runtime/test_ptx_float_register_ops.py::test_sqrt_all_rounding_modes_and_ftz_forms_match_an_exact_square_oracle	internal	pass	retired-wave4	PTX_SCHEMA_BY_OP_NAME
tests/numsim/runtime/test_ptx_float_register_ops.py::test_trigonometric_approximations_obey_special_values_ftz_and_error_bound	internal	pass	retired-wave4	PTX_SCHEMA_BY_OP_NAME
tests/numsim/runtime/test_ptx_integer_arithmetic.py::test_ptx_div_all_legal_forms_match_independent_integer_oracle	public	pass	flip	
tests/numsim/runtime/test_ptx_integer_arithmetic.py::test_ptx_dp2a_all_legal_forms_match_independent_packed_lane_oracle	public	pass	flip	
tests/numsim/runtime/test_ptx_integer_arithmetic.py::test_ptx_dp4a_all_legal_forms_match_independent_packed_lane_oracle	public	pass	flip	
tests/numsim/runtime/test_ptx_integer_arithmetic.py::test_ptx_integer_division_by_zero_fails_closed_at_the_faulting_lane	public	pin-message	retired-wave4	
tests/numsim/runtime/test_ptx_integer_arithmetic.py::test_ptx_mad24_all_legal_forms_match_independent_integer_oracle	public	pass	flip	
tests/numsim/runtime/test_ptx_integer_arithmetic.py::test_ptx_mad_wide_all_legal_forms_match_independent_integer_oracle	public	pass	flip	
tests/numsim/runtime/test_ptx_integer_arithmetic.py::test_ptx_mul24_all_legal_forms_match_independent_integer_oracle	public	pass	flip	
tests/numsim/runtime/test_ptx_integer_arithmetic.py::test_ptx_mul_wide_all_legal_forms_match_independent_integer_oracle	public	pass	flip	
tests/numsim/runtime/test_ptx_integer_arithmetic.py::test_ptx_neg_int_all_legal_forms_match_wrapping_negation_oracle	public	pass	flip	
tests/numsim/runtime/test_ptx_integer_arithmetic.py::test_ptx_rem_all_legal_forms_match_independent_integer_oracle	public	pass	flip	
tests/numsim/runtime/test_ptx_integer_arithmetic.py::test_ptx_sad_all_legal_forms_match_independent_integer_oracle	public	pass	flip	
tests/numsim/runtime/test_ptx_integer_arithmetic.py::test_ptx_signed_division_overflow_fails_closed	public	pin-message	retired-wave4	
tests/numsim/runtime/test_ptx_integer_arithmetic.py::test_ptx_signed_rem_machine_specific_negative_rounding_fails_closed	public	pass	flip	
tests/numsim/runtime/test_ptx_lop3.py::test_ptx_lop3_all_destination_shapes_match_truth_table_oracle	public	pass	flip	
tests/numsim/runtime/test_ptx_mixed_vector_arithmetic.py::test_all_36_mixed_vector_arithmetic_forms_execute_with_packed_lane_semantics	public	pass	flip	
tests/numsim/runtime/test_ptx_move_pack_extended.py::test_cvt_pack_c_matches_all_six_subbyte_forms_and_b32_carrier_bits	public	pass	flip	
tests/numsim/runtime/test_ptx_move_pack_extended.py::test_cvt_pack_matches_saturating_two_field_oracle	public	pass	flip	
tests/numsim/runtime/test_ptx_move_pack_extended.py::test_mov_b16x4_roundtrip_preserves_every_low_precision_payload_bit	public	pass	flip	
tests/numsim/runtime/test_ptx_move_pack_extended.py::test_mov_pack_b16x4_places_first_integer_carrier_in_low_bits	public	pass	flip	
tests/numsim/runtime/test_ptx_move_pack_extended.py::test_mov_pack_b32x4_preserves_float_carrier_payloads_and_lane_order	public	pass	flip	
tests/numsim/runtime/test_ptx_move_pack_extended.py::test_mov_unpack_b16x4_preserves_lane_order_and_explicit_sinks	public	pass	flip	
tests/numsim/runtime/test_ptx_move_pack_extended.py::test_mov_unpack_b32x4_preserves_b128_halves_as_float_carrier_bits	public	pass	flip	
tests/numsim/runtime/test_ptx_move_pack_extended.py::test_mov_unpack_b64x2_preserves_low_then_high_halves_as_float_bits	public	pass	flip	
tests/numsim/runtime/test_ptx_new_register_semantics.py::test_ptx_new_register_semantics_match_independent_oracles	public	pass	flip	
tests/numsim/runtime/test_ptx_new_register_semantics.py::test_ptx_scalar_moves_and_mad_lo_s64_match_bit_and_wrap_oracles	public	pass	flip	
tests/numsim/runtime/test_ptx_register_bits.py::test_latest_canonical_scalar_forms_match_independent_numpy_oracle	public	pass	flip	
tests/numsim/runtime/test_ptx_register_bits.py::test_ptx_b128_move_packs_two_uint64_halves_without_truncation	public	pass	flip	
tests/numsim/runtime/test_ptx_register_bits.py::test_ptx_half_abs_and_setp_match_bitwise_numpy_oracle	public	pass	flip	
tests/numsim/runtime/test_ptx_register_bits.py::test_ptx_or_pred_matches_boolean_truth_table	public	pass	flip	
tests/numsim/runtime/test_ptx_register_bits.py::test_ptx_packed_f16_minmax_matches_componentwise_numpy_oracle	public	pass	flip	
tests/numsim/runtime/test_ptx_register_bits.py::test_ptx_register_bit_ops_match_ptx_value_and_bit_semantics	public	pass	flip	
tests/numsim/runtime/test_ptx_register_bits.py::test_ptx_scalar_move_and_shift_match_bitwise_numpy_oracle	public	pass	flip	
tests/numsim/runtime/test_ptx_register_bits.py::test_ptx_scalar_shift_right_matches_signed_numpy_oracle	public	pass	flip	
tests/numsim/runtime/test_ptx_register_bits.py::test_ptx_selp_b16_selects_raw_halfword_bits	public	pass	flip	
tests/numsim/runtime/test_ptx_register_bits.py::test_ptx_selp_b32_selects_signed_carrier_bits	public	pass	flip	
tests/numsim/runtime/test_ptx_register_bits.py::test_ptx_setp_and_predicate_selp_match_numpy_control_oracle	public	pass	flip	
tests/numsim/runtime/test_ptx_register_bits.py::test_ptx_setp_f32_nan_and_unordered_relations_match_ptx	public	pass	flip	
tests/numsim/runtime/test_ptx_register_bits.py::test_ptx_typed_move_and_b16_pack_preserve_source_bits	public	pass	flip	
tests/numsim/runtime/test_ptx_rm_zero_sign.py::test_ptx_round_down_exact_cancellation_has_negative_zero_bits	public	pass	flip	
tests/numsim/runtime/test_ptx_set_packed.py::test_ptx_set_packed_all_legal_forms_match_independent_lane_oracle	public	pass	flip	
tests/numsim/runtime/test_ptx_set_packed.py::test_ptx_set_packed_preserves_every_b32_carrier_cross_product	public	pass	flip	
tests/numsim/runtime/test_ptx_spdecompress.py::test_ptx_spdecompress_executes_the_128_register_output_boundary	public	pass	flip	
tests/numsim/runtime/test_ptx_spdecompress.py::test_ptx_spdecompress_matches_low_bit_first_sparse_scatter	public	pass	flip	
tests/numsim/runtime/test_ptx_spdecompress.py::test_ptx_spdecompress_rejects_metadata_index_at_or_above_dst	public	pass	flip	
tests/numsim/runtime/test_ptx_warp_collectives.py::test_raw_ptx_f32_reductions_match_nan_and_signed_zero_semantics	internal	pass	flip-after-import-fix	
tests/numsim/runtime/test_ptx_warp_collectives.py::test_raw_ptx_match_and_activemask_preserve_float_carrier_bits	internal	pass	flip-after-import-fix	
tests/numsim/runtime/test_ptx_warp_collectives.py::test_raw_ptx_match_collectives_execute_in_checkers	internal	pass	retired-wave4	_run_racecheck,_run_synccheck
tests/numsim/runtime/test_ptx_warp_collectives.py::test_raw_ptx_match_redux_and_activemask_match_warp_oracles	internal	other-assertion	retired-wave4	call_op_names
tests/numsim/runtime/test_ptx_warp_collectives.py::test_raw_ptx_movmatrix_b16_matches_register_fragment_transpose	internal	pass	flip-after-import-fix	
tests/numsim/runtime/test_ptx_warp_collectives.py::test_raw_ptx_shuffle_reads_only_selected_source_lanes	internal	other-assertion	retired-wave4	
tests/numsim/runtime/test_ptx_warp_collectives.py::test_raw_ptx_vote_accepts_tagged_uint32_predicate_carrier	internal	pass	flip-after-import-fix	
tests/numsim/runtime/test_ptx_warp_collectives.py::test_raw_ptx_vote_and_integer_reductions_match_member_lane_oracles	internal	pass	flip-after-import-fix	
tests/numsim/runtime/test_ptx_warp_collectives.py::test_raw_ptx_warp_collectives_match_ptx_membermask_and_bit_semantics	internal	pass	flip-after-import-fix	
tests/numsim/runtime/test_raw_pointer_runtime_domain.py::test_access_ptr_float32_runtime_domain_preserves_nested_alias_offsets	public	pass	flip	
tests/numsim/runtime/test_raw_pointer_runtime_domain.py::test_packed_float4_address_maps_each_nibble_pair_to_one_byte	public	pass	flip	
tests/numsim/runtime/test_raw_pointer_runtime_domain.py::test_pointer_offset_runtime_domain_uses_exact_byte_offsets_and_aliases	public	pass	flip	
tests/numsim/runtime/test_raw_pointer_runtime_domain.py::test_raw_ptx_64bit_runtime_domain_preserves_exact_bytes	public	pass	flip	
tests/numsim/runtime/test_raw_pointer_runtime_domain.py::test_shared_handle_address_runtime_domain_preserves_relative_byte_addresses	public	pass	flip	
tests/numsim/runtime/test_raw_tcgen_codegen.py::test_f8f6f4_cta2_k32_extended_shared_span_is_gated_by_arch_not_k_bit	internal	pass	retired-wave4	analyze,emit_rust_module
tests/numsim/runtime/test_raw_tcgen_codegen.py::test_raw_tcgen_16x256b_ld_observes_exact_lane_register_mapping	internal	pass	flip-after-import-fix	
tests/numsim/runtime/test_raw_tcgen_codegen.py::test_raw_tcgen_32x32b_ld_st_roundtrip	internal	pass	flip-after-import-fix	
tests/numsim/runtime/test_raw_tcgen_codegen.py::test_raw_tcgen_absolute_shared_descriptor_resolves_from_its_bits	internal	pass	flip-after-import-fix	
tests/numsim/runtime/test_raw_tcgen_codegen.py::test_raw_tcgen_bf16_shared_shared_mma_matches_independent_matrix_product	internal	engine-stops	retired-wave4	
tests/numsim/runtime/test_raw_tcgen_codegen.py::test_raw_tcgen_cp_128b_base32b_descriptor_uses_32byte_atomic_swizzle	internal	other-assertion	retired-wave4	
tests/numsim/runtime/test_raw_tcgen_codegen.py::test_raw_tcgen_cp_128x256b_decodes_matrix_descriptor_swizzle	internal	other-assertion	retired-wave4	
tests/numsim/runtime/test_raw_tcgen_codegen.py::test_raw_tcgen_cp_128x256b_swizzle64_routes_both_k_halves_for_every_row	internal	other-assertion	retired-wave4	
tests/numsim/runtime/test_raw_tcgen_codegen.py::test_raw_tcgen_cp_covers_4x256b_and_both_warpx2_pairings	internal	other-assertion	retired-wave4	
tests/numsim/runtime/test_raw_tcgen_codegen.py::test_raw_tcgen_cp_cta_group2_writes_both_ctas_with_warpx2_routing	internal	other-assertion	retired-wave4	
tests/numsim/runtime/test_raw_tcgen_codegen.py::test_raw_tcgen_cp_decompression_expands_packed_codes	internal	other-assertion	retired-wave4	
tests/numsim/runtime/test_raw_tcgen_codegen.py::test_raw_tcgen_cp_warpx4_replicates_source_into_all_warp_lanes	internal	other-assertion	retired-wave4	
tests/numsim/runtime/test_raw_tcgen_codegen.py::test_raw_tcgen_dense_mma_gate_names_the_exact_legal_set	internal	pass	retired-wave4	analyze
tests/numsim/runtime/test_raw_tcgen_codegen.py::test_raw_tcgen_descriptor_bits_are_validated_by_the_engine	internal	pass	flip-after-import-fix	
tests/numsim/runtime/test_raw_tcgen_codegen.py::test_raw_tcgen_descriptor_bits_can_cross_into_another_valid_backing	internal	pass	flip-after-import-fix	
tests/numsim/runtime/test_raw_tcgen_codegen.py::test_raw_tcgen_descriptor_can_cross_a_short_pool_alias_within_its_backing	internal	other-assertion	retired-wave4	
tests/numsim/runtime/test_raw_tcgen_codegen.py::test_raw_tcgen_descriptor_encoders_resolve_global_integer_destinations	internal	pass	flip-after-import-fix	
tests/numsim/runtime/test_raw_tcgen_codegen.py::test_raw_tcgen_descriptor_encoders_write_exact_bits	internal	pass	flip-after-import-fix	
tests/numsim/runtime/test_raw_tcgen_codegen.py::test_raw_tcgen_e4m3_m64_n8_uses_layout_f	internal	engine-stops	retired-wave4	
tests/numsim/runtime/test_raw_tcgen_codegen.py::test_raw_tcgen_e4m3_mqa_mma_accumulates_four_k_tiles	internal	engine-stops	retired-wave4	
tests/numsim/runtime/test_raw_tcgen_codegen.py::test_raw_tcgen_f16_cta2_datapaths_match_independent_matrix_products	internal	engine-stops	retired-wave4	
tests/numsim/runtime/test_raw_tcgen_codegen.py::test_raw_tcgen_f16_tensor_shared_mma_uses_mn_major_ldo_for_second_n_tile	internal	engine-stops	retired-wave4	
tests/numsim/runtime/test_raw_tcgen_codegen.py::test_raw_tcgen_f8f6f4_cta2_requires_exact_kernel_architecture	internal	pass	retired-wave4	analyze,emit_rust_module
tests/numsim/runtime/test_raw_tcgen_codegen.py::test_raw_tcgen_f8f6f4_cta2_rubin_k64_gathers_masks_and_accumulates_both_ctas	internal	engine-stops	retired-wave4	
tests/numsim/runtime/test_raw_tcgen_codegen.py::test_raw_tcgen_f8f6f4_cta2_rubin_keeps_descriptor_bit15_reserved	internal	pass	flip-after-import-fix	
tests/numsim/runtime/test_raw_tcgen_codegen.py::test_raw_tcgen_f8f6f4_cta2_sm100_rejects_sm107_k64_bit	internal	engine-stops	retired-wave4	
tests/numsim/runtime/test_raw_tcgen_codegen.py::test_raw_tcgen_f8f6f4_decodes_a_and_b_with_their_own_dtypes	internal	engine-stops	retired-wave4	
tests/numsim/runtime/test_raw_tcgen_codegen.py::test_raw_tcgen_f8f6f4_float16_destination_rounds_once_on_store	internal	engine-stops	retired-wave4	
tests/numsim/runtime/test_raw_tcgen_codegen.py::test_raw_tcgen_ld_pack_and_st_unpack_use_adjacent_tmem_columns	internal	pass	flip-after-import-fix	
tests/numsim/runtime/test_raw_tcgen_codegen.py::test_raw_tcgen_m64_weight_stationary_uses_layout_e_at_tmem_tail	internal	engine-stops	retired-wave4	
tests/numsim/runtime/test_raw_tcgen_codegen.py::test_raw_tcgen_missing_ld_shapes_observe_exact_lane_register_mappings	internal	pass	flip-after-import-fix	
tests/numsim/runtime/test_raw_tcgen_codegen.py::test_raw_tcgen_mixed_block_scale_cta_group2_gathers_and_scatters_both_ctas	internal	engine-stops	retired-wave4	
tests/numsim/runtime/test_raw_tcgen_codegen.py::test_raw_tcgen_mxf4_bulk_smem_and_tmem_reads_require_review	internal	pass	retired-wave4	
tests/numsim/runtime/test_raw_tcgen_codegen.py::test_raw_tcgen_mxf4_mqa_mma_uses_physical_smem_and_tmem_scales	internal	engine-stops	retired-wave4	
tests/numsim/runtime/test_raw_tcgen_codegen.py::test_raw_tcgen_mxf4nvf4_scale_vec_4x_matches_the_typed_block_scaled_gemm	internal	engine-stops	retired-wave4	
tests/numsim/runtime/test_raw_tcgen_codegen.py::test_raw_tcgen_mxf8_k_major_cta1_matches_independent_matrix_product	internal	engine-stops	retired-wave4	
tests/numsim/runtime/test_raw_tcgen_codegen.py::test_raw_tcgen_mxf8_mn_major_matches_independent_matrix_product	internal	engine-stops	retired-wave4	
tests/numsim/runtime/test_raw_tcgen_codegen.py::test_raw_tcgen_tf32_low32_replacement_honors_predicate_and_accumulator	internal	engine-stops	retired-wave4	
tests/numsim/runtime/test_raw_tcgen_codegen.py::test_raw_tcgen_tf32_m128_n16_uses_regular_layout	internal	engine-stops	retired-wave4	
tests/numsim/runtime/test_raw_tcgen_codegen.py::test_raw_tcgen_tf32_shared_shared_matches_independent_matrix_product	internal	engine-stops	retired-wave4	
tests/numsim/runtime/test_raw_tcgen_codegen.py::test_shared_span_above_18_bits_requires_a_supported_sm107_descriptor_form	internal	pass	retired-wave4	analyze,emit_rust_module
tests/numsim/runtime/test_raw_tensor_map_descriptors.py::test_32b_raw_descriptor_copy_fails_when_tma_decodes_missing_metadata	internal	pass	retired-wave4	_descriptor_storage
tests/numsim/runtime/test_raw_tensor_map_descriptors.py::test_32b_typed_descriptor_copy_fails_when_tma_decodes_missing_metadata	internal	pass	flip-after-import-fix	
tests/numsim/runtime/test_raw_tensor_map_descriptors.py::test_96b_descriptor_copy_ignores_tail_and_drives_raw_tma	internal	engine-stops	retired-wave4	_descriptor_storage
tests/numsim/runtime/test_raw_tensor_map_descriptors.py::test_conflicting_host_descriptor_slots_fail_closed	internal	pin-message	retired-wave4	_descriptor_storage
tests/numsim/runtime/test_raw_tensor_map_descriptors.py::test_host_bound_descriptor_acquire_enables_raw_tma	internal	engine-stops	retired-wave4	_descriptor_storage
tests/numsim/runtime/test_raw_tensor_map_descriptors.py::test_host_bound_descriptor_without_acquire_fails_closed	internal	pin-message	retired-wave4	_descriptor_storage
tests/numsim/runtime/test_raw_tensor_map_descriptors.py::test_host_descriptor_store_updates_declared_base	internal	engine-stops	retired-wave4	_descriptor_storage
tests/numsim/runtime/test_raw_tensor_map_descriptors.py::test_ordinary_copy_rejects_noncanonical_tensor_map_candidates	internal	pass	retired-wave4	prepare_bindings
tests/numsim/runtime/test_raw_tensor_map_descriptors.py::test_ordinary_u64x4_copy_does_not_require_descriptor_metadata	internal	other-assertion	retired-wave4	
tests/numsim/runtime/test_raw_tensor_map_descriptors.py::test_raw_descriptor_copy_replace_release_and_acquire_drive_raw_tma	internal	pass	retired-wave4	_descriptor_storage
tests/numsim/runtime/test_raw_tensor_map_descriptors.py::test_raw_descriptor_store_updates_replaced_backing	internal	other-assertion	retired-wave4	
tests/numsim/runtime/test_raw_tensor_map_descriptors.py::test_raw_descriptor_v4_load_scalar_stores_drive_raw_tma	internal	engine-stops	retired-wave4	_descriptor_storage
tests/numsim/runtime/test_raw_tensor_map_descriptors.py::test_raw_shared_address_binding_and_offset_preserve_tma_destination	internal	engine-stops	retired-wave4	_descriptor_storage
tests/numsim/runtime/test_raw_tensor_map_descriptors.py::test_raw_shared_address_outside_declared_views_fails_closed	internal	pin-message	retired-wave4	_descriptor_storage
tests/numsim/runtime/test_raw_tensor_map_descriptors.py::test_replace_global_dimension_zero_encodes_documented_2pow32_maximum	internal	pass	flip-after-import-fix	
tests/numsim/runtime/test_raw_tensor_map_descriptors.py::test_replace_rejects_invalid_dimension_index	internal	v2-accepts-legacy-rejection	retired-wave4	
tests/numsim/runtime/test_raw_tensor_map_descriptors.py::test_stale_descriptor_generation_requires_reacquire	internal	pass	flip-after-import-fix	
tests/numsim/runtime/test_raw_tensor_map_descriptors.py::test_typed_param_descriptor_scalar_copy_preserves_payload	internal	other-assertion	retired-wave4	
tests/numsim/runtime/test_raw_tensor_map_descriptors.py::test_typed_payload_copy_ignores_nonzero_descriptor_tail	internal	pass	flip-after-import-fix	
tests/numsim/runtime/test_raw_tensor_map_descriptors.py::test_typed_payload_copy_replace_release_and_acquire_drive_raw_tma	internal	pass	flip-after-import-fix	
tests/numsim/runtime/test_raw_tensor_map_descriptors.py::test_zero_descriptor_bytes_fail_image_validation	internal	pass	flip-after-import-fix	
tests/numsim/runtime/test_raw_tma_codegen.py::test_bulk_read_only_wait_completes_at_kernel_exit	internal	pass	flip-after-import-fix	
tests/numsim/runtime/test_raw_tma_codegen.py::test_bulk_read_wait_allows_source_reuse_before_full_wait	internal	pass	flip-after-import-fix	
tests/numsim/runtime/test_raw_tma_codegen.py::test_bulk_wait_group_rejects_runtime_count_during_numsim_transpilation	internal	pin-message	retired-wave4	
tests/numsim/runtime/test_raw_tma_codegen.py::test_committed_bulk_group_completes_at_kernel_exit_without_explicit_wait	internal	pass	flip-after-import-fix	
tests/numsim/runtime/test_raw_tma_codegen.py::test_raw_fp4_align16_tensor_map_store_is_rejected	internal	pass	flip-after-import-fix	
tests/numsim/runtime/test_raw_tma_codegen.py::test_raw_fp4_align16_tma_padding_read_is_zero_filled_and_requires_review	internal	pass	flip-after-import-fix	
tests/numsim/runtime/test_raw_tma_codegen.py::test_raw_fp4_align16_tma_writes_packed_data_into_swizzled_16b_atoms	internal	pass	flip-after-import-fix	
tests/numsim/runtime/test_raw_tma_codegen.py::test_raw_fp4_tensor_map_keeps_align8_shared_bytes_packed	internal	other-assertion	retired-wave4	
tests/numsim/runtime/test_raw_tma_codegen.py::test_raw_rank3_tensor_map_uses_descriptor_strides	internal	pass	flip-after-import-fix	
tests/numsim/runtime/test_raw_tma_codegen.py::test_raw_tensor_map_element_stride_controls_transfer_count	internal	pass	flip-after-import-fix	
tests/numsim/runtime/test_raw_tma_codegen.py::test_raw_tensor_map_g2c_and_s2g_roundtrip	internal	pass	flip-after-import-fix	
tests/numsim/runtime/test_raw_tma_codegen.py::test_raw_tensor_map_oob_nan_uses_hardware_fill_pattern	internal	pass	flip-after-import-fix	
tests/numsim/runtime/test_raw_tma_codegen.py::test_raw_tensor_map_oob_zero_fill_counts_the_full_box	internal	pass	flip-after-import-fix	
tests/numsim/runtime/test_raw_tma_codegen.py::test_raw_tensor_map_oob_zero_fills_with_default_float_oob_mode	internal	pass	flip-after-import-fix	
tests/numsim/runtime/test_raw_tma_codegen.py::test_raw_tensor_map_reused_unit_scratch_zero_fills_after_valid_rows	internal	pass	flip-after-import-fix	
tests/numsim/runtime/test_raw_tma_codegen.py::test_raw_tensor_map_roundtrip_runs_as_a_numsim_case	internal	pass	flip-after-import-fix	
tests/numsim/runtime/test_raw_tma_codegen.py::test_raw_tensor_map_swizzle_is_a_physical_shared_layout	internal	pass	flip-after-import-fix	
tests/numsim/runtime/test_raw_tma_codegen.py::test_raw_tensor_map_swizzle_matches_canonical_shared_atom	internal	pass	flip-after-import-fix	
tests/numsim/runtime/test_raw_tma_codegen.py::test_raw_tensor_map_under_delivery_reports_exact_bytes	internal	pin-message(error->incomplete)	retired-wave4	
tests/numsim/runtime/test_raw_tma_codegen.py::test_raw_tma_cta_group1_multicast_completes_each_target_barrier	internal	pass	flip-after-import-fix	
tests/numsim/runtime/test_raw_tma_codegen.py::test_raw_tma_cta_group2_multicast_completes_every_target_pair	internal	pass	flip-after-import-fix	
tests/numsim/runtime/test_raw_tma_codegen.py::test_raw_tma_dynamic_single_bit_mask_retains_multicast_semantics	internal	pass	flip-after-import-fix	
tests/numsim/runtime/test_raw_tma_codegen.py::test_raw_tma_g2s_instruction_predicate_controls_the_load	internal	pass	flip-after-import-fix	
tests/numsim/runtime/test_raw_tma_codegen.py::test_raw_tma_g2s_issues_once_per_active_lane	internal	pass	flip-after-import-fix	
tests/numsim/runtime/test_raw_tma_codegen.py::test_raw_tma_gather4_issues_once_per_active_lane	internal	pass	flip-after-import-fix	
tests/numsim/runtime/test_raw_tma_codegen.py::test_raw_tma_gather4_per_lane_coordinates_are_checker_clean	internal	pass	flip-after-import-fix	
tests/numsim/runtime/test_raw_tma_codegen.py::test_raw_tma_s2g_accepts_one_full_issuing_warp	internal	pass	flip-after-import-fix	
tests/numsim/runtime/test_raw_tma_codegen.py::test_raw_tma_s2g_instruction_predicate_controls_the_store	internal	pass	flip-after-import-fix	
tests/numsim/runtime/test_raw_tma_codegen.py::test_raw_tma_s2g_returns_the_tensor_map_output	internal	pass	flip-after-import-fix	
tests/numsim/runtime/test_raw_tma_codegen.py::test_raw_tma_static_single_bit_mask_is_unicast_from_the_issuing_cta	internal	pass	flip-after-import-fix	
tests/numsim/runtime/test_raw_tma_codegen.py::test_raw_tma_tensor_map_selector_branches_at_runtime	internal	pass	flip-after-import-fix	
tests/numsim/runtime/test_raw_tma_codegen.py::test_raw_tma_two_swizzled_atoms_cover_a_wider_k_tile	internal	pass	flip-after-import-fix	
tests/numsim/runtime/test_raw_tma_codegen.py::test_sm100_two_cta_barrier_address_targets_pair_base	internal	pass	retired-wave4	analyze
tests/numsim/runtime/test_raw_tma_codegen.py::test_static_bulk_wait_group_immediates_execute_in_source_order	internal	pass	retired-wave4	analyze
tests/numsim/runtime/test_raw_tma_codegen.py::test_tensor_map_descriptor_binding_form_executes	internal	pass	flip-after-import-fix	
tests/numsim/runtime/test_raw_tma_codegen.py::test_uncommitted_bulk_store_completes_at_kernel_exit	internal	pass	flip-after-import-fix	
tests/numsim/runtime/test_readonly_proxy.py::test_readonly_proxy_rejects_same_value_write_in_either_order	public	pass	flip	
tests/numsim/runtime/test_readonly_proxy.py::test_readonly_proxy_values_and_disjoint_writes	public	pass	flip	
tests/numsim/runtime/test_red_async.py::test_red_async	public	racecheck-verdict	retired-wave4	
tests/numsim/runtime/test_register_extensions.py::test_register_extensions	public	pass	flip	
tests/numsim/runtime/test_register_extensions.py::test_register_extensions_gpu	public	skip	gpu-only	
tests/numsim/runtime/test_reinterpret_runtime_domain.py::test_complete_reinterpret_public_domain_preserves_physical_bits	internal	pass	retired-wave4	analyze
tests/numsim/runtime/test_reinterpret_runtime_domain.py::test_uint16_payload_reinterpret_decodes_float16_values	internal	pass	flip-after-import-fix	
tests/numsim/runtime/test_reinterpret_runtime_domain.py::test_varying_low_precision_reinterpret_preserves_payloads	internal	pass	flip-after-import-fix	
tests/numsim/runtime/test_runtime_form_domain_oracles.py::test_cuda_ldg_complete_finite_domain_executes_with_exact_physical_oracle	internal	pass	retired-wave4	vector_dtype_abi
tests/numsim/runtime/test_runtime_form_domain_oracles.py::test_ordering_fence_and_register_policy_finite_domains_execute	internal	engine-stops	retired-wave4	
tests/numsim/runtime/test_runtime_form_domain_oracles.py::test_raw_tcgen_cp_finite_domain_initializes_the_destination	internal	pass	flip-after-import-fix	
tests/numsim/runtime/test_runtime_form_domain_oracles.py::test_raw_tcgen_ldst_finite_domain_executes_over_initialized_tmem	internal	pass	flip-after-import-fix	
tests/numsim/runtime/test_runtime_form_domain_oracles.py::test_snapshot_copy_bound_ldstmatrix_runtime_domain_has_exact_oracle	internal	pass	flip-after-import-fix	
tests/numsim/runtime/test_runtime_form_domain_oracles.py::test_snapshot_copy_cross_warp_extent_runtime_domain_has_exact_oracle	internal	pass	flip-after-import-fix	
tests/numsim/runtime/test_runtime_form_domain_oracles.py::test_snapshot_copy_linear_32_runtime_domain_has_exact_oracle	internal	pass	flip-after-import-fix	
tests/numsim/runtime/test_runtime_form_domain_oracles.py::test_snapshot_copy_transposed_ldstmatrix_runtime_domain_has_exact_oracle	internal	pass	flip-after-import-fix	
tests/numsim/runtime/test_scalar_control.py::test_canonical_mapa_integer_address_resolves_shared_memory	public	pass	flip	
tests/numsim/runtime/test_scalar_control.py::test_cta_votes_grid_sync_and_ordering_markers	public	pass	flip	
tests/numsim/runtime/test_scalar_control.py::test_cuda_packed_ops_use_gpu_canonical_nan_encodings	public	pass	flip	
tests/numsim/runtime/test_scalar_control.py::test_cuda_pointer_helpers_check_typed_dereference_alignment	public	pin-message	retired-wave4	
tests/numsim/runtime/test_scalar_control.py::test_cuda_shuffle_rejects_invalid_width	public	pass	flip	
tests/numsim/runtime/test_scalar_control.py::test_current_scalar_device_intrinsics_have_stable_numeric_representatives	public	pass	flip	
tests/numsim/runtime/test_scalar_control.py::test_directed_f64_rounding_preserves_the_predecessor_of_one	public	pass	flip	
tests/numsim/runtime/test_scalar_control.py::test_fetch_register_models_logical_coordinates_and_uses_stable_time_tokens	public	pass	flip	
tests/numsim/runtime/test_scalar_control.py::test_fetch_register_separates_launched_warps_from_sm100_warp_identifier_capacity	public	pass	flip	
tests/numsim/runtime/test_scalar_control.py::test_floating_collective_predicates_use_cpp_truth_conversion	public	pass	flip	
tests/numsim/runtime/test_scalar_control.py::test_floating_trap_accepts_nonzero_and_nan	public	pass	flip	
tests/numsim/runtime/test_scalar_control.py::test_floating_trap_rejects_signed_zero	public	pin-message	retired-wave4	
tests/numsim/runtime/test_scalar_control.py::test_integer_trap_predicate_uses_cpp_truth_conversion	public	pin-message	retired-wave4	
tests/numsim/runtime/test_scalar_control.py::test_mapa_and_cvta_expose_the_device_validated_integer_bits	public	pass	flip	
tests/numsim/runtime/test_scalar_control.py::test_mapa_u32_preserves_the_remote_cta_rank	public	pass	flip	
tests/numsim/runtime/test_scalar_control.py::test_mapped_addresses_survive_integer_storage_select_and_shuffle	public	pass	flip	
tests/numsim/runtime/test_scalar_control.py::test_mbarrier_arrival_state_token_selects_the_exact_completed_generation	public	pass	flip	
tests/numsim/runtime/test_scalar_control.py::test_mbarrier_one_shot_queries_observe_parity	public	pass	flip	
tests/numsim/runtime/test_scalar_control.py::test_mbarrier_state_token_rejects_a_generation_older_than_the_previous_one	public	pin-message	retired-wave4	
tests/numsim/runtime/test_scalar_control.py::test_named_barrier_arrive_contributes_without_blocking	public	pass	flip	
tests/numsim/runtime/test_scalar_control.py::test_packed_f16x2_conversion_rounds_and_preserves_register_order	public	pass	flip	
tests/numsim/runtime/test_scalar_control.py::test_pointer_conversions_and_runtime_descriptor_patch	public	pass	flip	
tests/numsim/runtime/test_scalar_control.py::test_ptx_dps_rounding_ftz_and_saturation_forms	public	pass	flip	
tests/numsim/runtime/test_scalar_control.py::test_ptx_dps_sub_and_f64_arithmetic	public	pass	flip	
tests/numsim/runtime/test_scalar_control.py::test_public_cvta_shared_cluster_u64_zero_extends_shared_addresses	public	pass	flip	
tests/numsim/runtime/test_scalar_control.py::test_public_mapa_u64_and_shared_cluster_widths_transpile	public	pass	flip	
tests/numsim/runtime/test_scalar_control.py::test_scalar_and_warp_intrinsics_execute_with_native_semantics	public	pass	flip	
tests/numsim/runtime/test_scalar_control.py::test_shuffle_xor_width_can_read_an_earlier_group	public	pass	flip	
tests/numsim/runtime/test_scalar_control.py::test_three_source_nan_minmax_propagates_any_nan	public	pass	flip	
tests/numsim/runtime/test_scalar_control.py::test_timer_finalize_is_a_numerical_noop	public	pass	flip	
tests/numsim/runtime/test_scalar_control.py::test_unaligned_named_barrier_recombines_disjoint_lane_paths	public	pass	flip	
tests/numsim/runtime/test_scalar_f64_rounding.py::test_scalar_f64_rounding	public	pass	flip	
tests/numsim/runtime/test_scalar_f64_rounding.py::test_scalar_f64_rounding_gpu	public	skip	gpu-only	
tests/numsim/runtime/test_shared_descriptor_choices.py::test_shared_descriptor_choices_validate_the_consumed_bits	public	pass	flip	
tests/numsim/runtime/test_sm107_register_predicates.py::test_sm107_register_predicates	public	other-assertion	retired-wave4	
tests/numsim/runtime/test_sparse_mma_forms.py::test_sparse_f16_k32_uses_thread_pair_metadata	public	pass	flip	
tests/numsim/runtime/test_sparse_mma_forms.py::test_sparse_float8_k64_matches_reference	public	pass	flip	
tests/numsim/runtime/test_sparse_mma_forms.py::test_sparse_int8_k64_uses_all_thread_metadata	public	pass	flip	
tests/numsim/runtime/test_sparse_mma_forms.py::test_sparse_tf32_k8_uses_one_of_two_metadata	public	pass	flip	
tests/numsim/runtime/test_sync_instruction_predicates.py::test_pending_count_instruction_predicates	public	other-assertion	retired-wave4	
tests/numsim/runtime/test_sync_runtime_domain_oracle.py::test_clc_no_work_completion_and_cluster_acquire_wait	public	pass	flip	
tests/numsim/runtime/test_sync_runtime_domain_oracle.py::test_cp_async_mbarrier_noinc_accepts_bound_raw_shared_offset	public	pass	flip	
tests/numsim/runtime/test_sync_runtime_domain_oracle.py::test_cp_async_mbarrier_noinc_arrives_immediately_only_for_lanes_without_prior_work	public	pass	flip	
tests/numsim/runtime/test_sync_runtime_domain_oracle.py::test_mbarrier_query_modifier_domain_matches_barrier_phase	public	pass	flip	
tests/numsim/runtime/test_sync_runtime_domain_oracle.py::test_ordering_and_cp_async_mbarrier_modifier_forms_preserve_values	public	pass	flip	
tests/numsim/runtime/test_sync_runtime_domain_oracle.py::test_remote_expect_tx_completes_the_named_ctas_barrier	public	pass	flip	
tests/numsim/runtime/test_sync_runtime_domain_oracle.py::test_sm100_pair_base_handle_form_routes_both_ctas	public	pass	flip	
tests/numsim/runtime/test_sync_runtime_domain_oracle.py::test_tvm_storage_sync_roundtrip_preserves_shared_values	public	pass	flip	
tests/numsim/runtime/test_tcgen05_block_tmem.py::test_block_scale_implicit_size_with_discard	internal	pass	flip-after-import-fix	
tests/numsim/runtime/test_tcgen05_ld_red.py::test_tcgen_load_reduction_matches_column_oracle	public	pass	flip	
tests/numsim/runtime/test_tcgen05_ld_spcompress.py::test_tcgen_load_compression	public	pass	flip	
tests/numsim/runtime/test_tcgen05_restricted_commit.py::test_restricted_commit_preserves_full_mma_completion	public	pass	flip	
tests/numsim/runtime/test_tcgen05_sparse_b16.py::test_sparse_b16_invalid_metadata	public	pass	flip	
tests/numsim/runtime/test_tcgen05_sparse_b16.py::test_sparse_b16_layouts_and_codecs	public	pass	flip	
tests/numsim/runtime/test_tcgen05_sparse_block.py::test_sparse_block_descriptor_boundaries	public	pass	flip	
tests/numsim/runtime/test_tcgen05_sparse_block.py::test_sparse_block_scales_and_metadata	public	pass	flip	
tests/numsim/runtime/test_tcgen05_sparse_k128.py::test_sparse_k128_packing_scales_and_transpose	public	pass	flip	
tests/numsim/runtime/test_tcgen05_sparse_narrow.py::test_sparse_narrow_k128	public	pass	flip	
tests/numsim/runtime/test_tcgen05_sparse_narrow.py::test_sparse_narrow_layouts_and_codecs	public	pass	flip	
tests/numsim/runtime/test_tcgen05_tf32.py::test_tf32_sparse_metadata	public	pass	flip	
tests/numsim/runtime/test_tcgen05_ti16.py::test_sparse_ti16_metadata	public	pass	flip	
tests/numsim/runtime/test_tcgen05_ti16.py::test_ti16_exact_accumulation	public	pass	flip	
tests/numsim/runtime/test_tcgen05_ti16.py::test_ti16_ws_banks_and_column_mask	public	pass	flip	
tests/numsim/runtime/test_tcgen_codegen.py::test_frontend_records_dynamic_tmem_lifecycle_from_tcgen_alloc	internal	pass	retired-wave4	analyze
tests/numsim/runtime/test_tcgen_codegen.py::test_tcgen_alloc_accepts_bound_raw_shared_destination_offset	internal	pass	flip-after-import-fix	
tests/numsim/runtime/test_tcgen_codegen.py::test_tcgen_commit_accepts_bound_raw_shared_barrier_offset	internal	pass	flip-after-import-fix	
tests/numsim/runtime/test_tcgen_codegen.py::test_tcgen_commit_arrives_on_physical_mbarrier	internal	pass	flip-after-import-fix	
tests/numsim/runtime/test_tcgen_codegen.py::test_tcgen_commit_dynamic_single_bit_mask_retains_multicast_semantics	internal	pass	flip-after-import-fix	
tests/numsim/runtime/test_tcgen_codegen.py::test_tcgen_commit_runtime_mask_multicasts_same_barrier_offset	internal	pass	flip-after-import-fix	
tests/numsim/runtime/test_tcgen_codegen.py::test_tcgen_commit_static_single_bit_mask_is_unicast_from_issuer	internal	pass	flip-after-import-fix	
tests/numsim/runtime/test_tcgen_codegen.py::test_tcgen_control_registry_covers_exact_source_signatures	internal	pass	retired-wave4	DecodedPtxCall,analyze,decode_ptx_call
tests/numsim/runtime/test_tcgen_codegen.py::test_tcgen_dealloc_non_power_of_two_columns_fail_at_engine	internal	pin-message	retired-wave4	
tests/numsim/runtime/test_tcgen_codegen.py::test_tcgen_dealloc_runtime_proves_lane_local_address_uniform	internal	pass	flip-after-import-fix	
tests/numsim/runtime/test_tcgen_codegen.py::test_tcgen_dealloc_runtime_rejects_lane_disagreement	internal	pin-message	retired-wave4	
tests/numsim/runtime/test_tcgen_codegen.py::test_tcgen_fence_forms_are_numerical_noops	internal	pin-internals	retired-wave4	call_op_names
tests/numsim/runtime/test_tcgen_codegen.py::test_tcgen_single_cta_lifecycle_writes_canonical_base	internal	pass	flip-after-import-fix	
tests/numsim/runtime/test_tcgen_codegen.py::test_tcgen_two_cta_lifecycle_rendezvous	internal	pin-internals	retired-wave4	
tests/numsim/runtime/test_tcgen_codegen.py::test_tmem_pool_non_power_of_two_columns_fail_at_engine	internal	pin-message	retired-wave4	
tests/numsim/runtime/test_tcgen_collectors.py::test_typed_gemm_discards_a_raw_mma_fill	internal	v2-accepts-legacy-rejection	blocked-v2	
tests/numsim/runtime/test_tcgen_commit_predicates.py::test_tcgen_commit_predicates_gate_all_operands	public	pass	flip	
tests/numsim/runtime/test_tcgen_lut_b.py::test_block_lut_b_scales_and_packed_tmem	public	pass	flip	
tests/numsim/runtime/test_tcgen_lut_b.py::test_dense_lut_b_segments_and_cta_partition	public	pass	flip	
tests/numsim/runtime/test_tcgen_misc_runtime_domain.py::test_tcgen_commit_accepts_explicit_uint32_predicate	public	pass	flip	
tests/numsim/runtime/test_tcgen_misc_runtime_domain.py::test_tcgen_lifecycle_accepts_full_256_column_allocation	public	pass	flip	
tests/numsim/runtime/test_tcgen_misc_runtime_domain.py::test_tcgen_matrix_descriptor_encodes_offset_without_cluster_rank	public	pass	flip	
tests/numsim/runtime/test_tcgen_misc_runtime_domain.py::test_tcgen_matrix_descriptor_swizzle1_packs_reviewed_fields	public	pass	flip	
tests/numsim/runtime/test_tensormap_predicates.py::test_tensor_map_predicate_effects	public	pass	flip	
tests/numsim/runtime/test_tensormap_predicates.py::test_tensor_map_predicates_retain_errors	public	pass	flip	
tests/numsim/runtime/test_tf32_layout_f_poison.py::test_tf32_layout_f_unwritten_holes_are_zero_filled_and_require_review	public	engine-stops	retired-wave4	
tests/numsim/runtime/test_tile_codegen.py::test_contiguous_binary_ops_honor_explicit_rounding_modes	internal	pass	flip-after-import-fix	
tests/numsim/runtime/test_tile_codegen.py::test_contiguous_f32_uses_canonical_rn_without_ftz	internal	other-assertion	retired-wave4	
tests/numsim/runtime/test_tile_codegen.py::test_cta_ldgsts_uses_ordinary_copy_semantics	internal	pass	flip-after-import-fix	
tests/numsim/runtime/test_tile_codegen.py::test_dsmem_copy_writes_the_named_remote_cta	internal	pass	flip-after-import-fix	
tests/numsim/runtime/test_tile_codegen.py::test_even_but_noncontiguous_f32_layout_uses_scalar_fallback	internal	pass	flip-after-import-fix	
tests/numsim/runtime/test_tile_codegen.py::test_explicit_elementwise_rounding_is_layout_independent_and_not_ftz	internal	other-assertion	retired-wave4	
tests/numsim/runtime/test_tile_codegen.py::test_ldgsts_copy_keeps_cooperative_warp_lowering	internal	pass	flip-after-import-fix	
tests/numsim/runtime/test_tile_codegen.py::test_lexicographic_sum_preserves_subnormal_result	internal	pass	flip-after-import-fix	
tests/numsim/runtime/test_tile_codegen.py::test_max_reduction_uses_canonical_lowering	internal	pass	flip-after-import-fix	
tests/numsim/runtime/test_tile_codegen.py::test_owner_driven_dynamic_col_min_falls_back	internal	pass	flip-after-import-fix	
tests/numsim/runtime/test_tile_codegen.py::test_owner_driven_nonexact_zero_row_min_falls_back	internal	pass	flip-after-import-fix	
tests/numsim/runtime/test_tile_codegen.py::test_owner_driven_nonexact_zero_scalar_index_falls_back	internal	pass	flip-after-import-fix	
tests/numsim/runtime/test_tile_codegen.py::test_owner_driven_shifted_alias_falls_back	internal	other-assertion	retired-wave4	
tests/numsim/runtime/test_tile_codegen.py::test_reduction_preserves_subnormal_inputs_in_lexicographic_order	internal	other-assertion	retired-wave4	
tests/numsim/runtime/test_tile_codegen.py::test_sum_max_min_and_accum_reduce_each_lane_local_tile	internal	pass	flip-after-import-fix	
tests/numsim/runtime/test_tile_codegen.py::test_thread_owned_pointwise_uses_physical_layout_owners	internal	pass	flip-after-import-fix	
tests/numsim/runtime/test_tile_codegen.py::test_thread_owned_scalar_buffer_load_uses_canonical_rn	internal	other-assertion	retired-wave4	
tests/numsim/runtime/test_tile_codegen.py::test_tma_global_boundary_uses_hardware_oob_nan_pattern	internal	pass	flip-after-import-fix	
tests/numsim/runtime/test_tile_codegen.py::test_tma_global_boundary_uses_zero_fill_and_counts_full_delivery	internal	pass	flip-after-import-fix	
tests/numsim/runtime/test_tile_codegen.py::test_tma_gmem_smem_roundtrip_delivers_physical_bytes_before_wait	internal	pass	flip-after-import-fix	
tests/numsim/runtime/test_tile_codegen.py::test_tma_multicast_writes_each_target_cta_and_credits_each_copy	internal	pin-internals	retired-wave4	
tests/numsim/runtime/test_tile_codegen.py::test_tma_scalar_hoist_does_not_cross_write_or_await_boundaries	internal	pass	flip-after-import-fix	
tests/numsim/runtime/test_tile_codegen.py::test_tma_shared_source_copy_reads_current_shared_bytes	internal	pass	flip-after-import-fix	
tests/numsim/runtime/test_tile_codegen.py::test_tma_snapshots_global_dynamic_aliased_and_selected_issue_operands	internal	pass	flip-after-import-fix	
tests/numsim/runtime/test_tile_codegen.py::test_tma_transaction_under_delivery_reports_deterministic_deadlock	internal	pin-message(error->incomplete)	retired-wave4	
tests/numsim/runtime/test_tile_codegen.py::test_typed_tma_cta_group1_multicast_completes_each_target_barrier	internal	pass	flip-after-import-fix	
tests/numsim/runtime/test_tile_codegen.py::test_typed_tma_cta_group2_multicast_completes_each_target_pair_barrier	internal	pass	flip-after-import-fix	
tests/numsim/runtime/test_tile_codegen.py::test_typed_tma_dynamic_single_bit_mask_retains_multicast_semantics	internal	pass	flip-after-import-fix	
tests/numsim/runtime/test_tile_codegen.py::test_typed_tma_reduce_rejects_invalid_operation_dtype_pairs	internal	pin-message	retired-wave4	
tests/numsim/runtime/test_tile_codegen.py::test_typed_tma_reduce_reuses_raw_tensor_map_reduction_abi	internal	lowering-rejects	retired-wave4	
tests/numsim/runtime/test_tile_codegen.py::test_typed_tma_static_single_bit_mask_is_unicast_from_the_issuing_cta	internal	pass	flip-after-import-fix	
tests/numsim/runtime/test_tile_general_semantics.py::test_cast_uses_general_scalar_conversion_without_dispatch_semantics	public	pass	flip	
tests/numsim/runtime/test_tile_general_semantics.py::test_elementwise_maximum_matches_pairwise_values	public	pass	flip	
tests/numsim/runtime/test_tile_general_semantics.py::test_fdiv_rounding_config_matches_current_cuda_scalar_fallback	public	pass	flip	
tests/numsim/runtime/test_tile_general_semantics.py::test_float64_directed_rounding_fails_closed	public	pass	flip	
tests/numsim/runtime/test_tile_general_semantics.py::test_float64_elementwise_forms_use_native_double_semantics	public	pass	flip	
tests/numsim/runtime/test_tile_general_semantics.py::test_integer_add_sub_mul_use_wrapping_arithmetic	public	pass	flip	
tests/numsim/runtime/test_tile_general_semantics.py::test_mxfp4_uses_ue8m0_scales_over_32_element_vectors	public	lowering-rejects	retired-wave4	
tests/numsim/runtime/test_tile_general_semantics.py::test_right_aligned_buffer_broadcast_maps_destination_coordinates	public	other-assertion:delta	retired-wave4	
tests/numsim/runtime/test_tile_owner_transport.py::test_copy_transports_unique_owners_across_warps	public	pass	flip	
tests/numsim/runtime/test_tile_reduction_variants.py::test_local_collective_uses_lexicographic_order	public	other-assertion	retired-wave4	
tests/numsim/runtime/test_tile_reduction_variants.py::test_local_float64_reductions_match_b200_edge_bits	public	pass	flip	
tests/numsim/runtime/test_tile_reduction_variants.py::test_local_integer_reductions_wrap_and_preserve_order	public	pass	flip	
tests/numsim/runtime/test_tile_reduction_variants.py::test_local_reductions_round_each_bfloat16_sum_step	public	pass	flip	
tests/numsim/runtime/test_tile_reduction_variants.py::test_maxmin_uses_canonical_lexicographic_nan_and_signed_zero_order	public	other-assertion	retired-wave4	
tests/numsim/runtime/test_tile_reduction_variants.py::test_partial_warp_collective_reduction_preserves_lane_groups	public	pass	flip	
tests/numsim/runtime/test_tile_reduction_variants.py::test_warp_collective_reduction_follows_physical_lane_ownership	public	other-assertion	retired-wave4	
tests/numsim/runtime/test_tile_unary_codegen.py::test_fill_accepts_e4m3_register_tile	public	pass	flip	
tests/numsim/runtime/test_tile_unary_codegen.py::test_shared_cta_cast_uses_shared_ownership_and_completion	public	pass	flip	
tests/numsim/runtime/test_tile_unary_codegen.py::test_shared_cta_in_place_ops_have_single_writer_per_element	public	pass	flip	
tests/numsim/runtime/test_tile_unary_codegen.py::test_unary_tile_ops_fail_closed_on_unknown_config	public	pass	flip	
tests/numsim/runtime/test_tile_unary_codegen.py::test_unary_tile_ops_run_through_local_reg_lowering	public	pass	flip	
tests/numsim/runtime/test_tile_unary_codegen.py::test_unary_tile_ops_run_through_two_warp_shared_cta_lowering	public	pass	flip	
tests/numsim/runtime/test_tile_unary_codegen.py::test_warp_shared_element_owner_selects_lane_varying_scalar	public	pass	flip	
tests/numsim/runtime/test_tile_unary_codegen.py::test_warpgroup_shared_in_place_op_writes_once_across_four_warps	public	pass	flip	
tests/numsim/runtime/test_tile_unary_codegen.py::test_warpgroup_shared_owner_is_independent_of_vector_chunk	public	other-assertion:delta	retired-wave4	
tests/numsim/runtime/test_tma_atomicity.py::test_tma_atomicity_direction_restrictions	public	other-assertion:port	retired-wave4	
tests/numsim/runtime/test_tma_atomicity.py::test_tma_atomicity_layout_and_checkers	public	pass	flip	
tests/numsim/runtime/test_tma_dtype_runtime_domain.py::test_typed_tma_supported_dtype_domain_preserves_values_and_bytes	public	pass	flip	
tests/numsim/runtime/test_tma_im2col.py::test_im2col_interleaved	public	pass	flip	
tests/numsim/runtime/test_tma_im2col.py::test_im2col_spatial	public	pass	flip	
tests/numsim/runtime/test_tma_im2col.py::test_im2col_store_and_reduce	public	pass	flip	
tests/numsim/runtime/test_tma_im2col_multiissuer.py::test_im2col_per_thread_coordinates_and_offsets	public	pass	flip	
tests/numsim/runtime/test_tma_im2col_multiissuer.py::test_wide_im2col_per_thread_halo_offset_and_completion	public	pass	flip	
tests/numsim/runtime/test_tma_interleave_hints.py::test_swizzled_interleave_prefetch_preserves_memory	public	pass	flip	
tests/numsim/runtime/test_tma_interleave_hints.py::test_swizzled_interleave_transfer_rejects_only_when_issued	public	pass	flip	
tests/numsim/runtime/test_tma_multiissuer.py::test_tma_multiissuer_coordinates_and_target_completion	public	pass	flip	
tests/numsim/runtime/test_tma_overrides.py::test_tma_override_data_and_descriptor_isolation	internal	other-assertion	retired-wave4	call_op_names
tests/numsim/runtime/test_tma_overrides.py::test_tma_override_predicate_skips_invalid_replacement	internal	pass	flip-after-import-fix	
tests/numsim/runtime/test_tma_overrides.py::test_tma_override_rejects_invalid_operands	internal	other-assertion	retired-wave4	analyze
tests/numsim/runtime/test_tma_swizzle96.py::test_swizzle96_documented_layout	public	pass	flip	
tests/numsim/runtime/test_tma_u6.py::test_tma_u6_layout_and_checkers	public	pass	flip	
tests/numsim/runtime/test_variable_identity.py::test_distinct_tir_vars_with_the_same_name_do_not_alias	public	pass	flip	
tests/numsim/runtime/test_variable_identity.py::test_parameter_identity_is_not_replaced_by_an_inner_var_with_the_same_name	public	pass	flip	
tests/numsim/runtime/test_variable_identity.py::test_runtime_shape_uses_the_exact_shape_var_identity	public	pass	flip	
tests/numsim/runtime/test_wait_until.py::test_a_backoff_is_the_cuda_loops_business_and_not_the_engines	public	pin-internals	retired-wave4	
tests/numsim/runtime/test_wait_until.py::test_a_candidate_index_outside_its_local_table_is_an_execution_error	public	pin-message	retired-wave4	
tests/numsim/runtime/test_wait_until.py::test_a_plain_access_on_a_declared_word_is_reported	public	pass	retired-wave4	
tests/numsim/runtime/test_wait_until.py::test_a_scoped_reset_is_not_reported	public	pass	flip	
tests/numsim/runtime/test_wait_until.py::test_an_ordered_plain_reset_is_not_reported	public	pass	flip	
tests/numsim/runtime/test_wait_until.py::test_bit_typed_word_matches_raw_spelling	public	pin-internals	retired-wave4	
tests/numsim/runtime/test_wait_until.py::test_declared_rendezvous_is_clean	public	pass	flip	
tests/numsim/runtime/test_wait_until.py::test_initial_wait_rechecks_conditional_predicate	public	pass	flip	
tests/numsim/runtime/test_wait_until.py::test_packed_wait_matches_raw_spelling	public	pin-internals	retired-wave4	
tests/numsim/runtime/test_wait_until.py::test_reading_the_word_once_is_not_made_correct_by_declaring_it	public	racecheck-verdict	retired-wave4	
tests/numsim/runtime/test_wait_until.py::test_rendezvous_matches_raw_spelling	public	pin-internals	retired-wave4	
